﻿BIZDIST_NM,used_query,lon,lat,meta
가래비길_1,가래비길,126.984118849655,37.8249322928565,"{'place_name': '가래비길', 'address_name': None, 'road_address_name': '경기 양주시 광적면 가래비길', 'x': '126.984118849655', 'y': '37.8249322928565'}"
거북마루로_1,거북마루로,127.050622337575,37.8959415564772,"{'place_name': '거북마루로', 'address_name': None, 'road_address_name': '경기 동두천시 거북마루로', 'x': '127.050622337575', 'y': '37.8959415564772'}"
거북마루로_2,거북마루로,127.050622337575,37.8959415564772,"{'place_name': '거북마루로', 'address_name': None, 'road_address_name': '경기 동두천시 거북마루로', 'x': '127.050622337575', 'y': '37.8959415564772'}"
고양구일산역사,일산역사,126.68317104323745,37.65517331866475,"{'address_name': '경기 김포시 운양동 1297-6', 'category_group_code': 'FD6', 'category_group_name': '음식점', 'category_name': '음식점 > 한식 > 찌개,전골', 'distance': '', 'id': '622419109', 'phone': '031-981-1728', 'place_name': '찌개의역사', 'place_url': 'http://place.map.kakao.com/622419109', 'road_address_name': '경기 김포시 김포한강11로 310', 'x': '126.68317104323745', 'y': '37.65517331866475'}"
대산로288번길_1,대산로288번길,127.475134857535,37.2499144071394,"{'place_name': '대산로288번길', 'address_name': None, 'road_address_name': '경기 이천시 대산로288번길', 'x': '127.475134857535', 'y': '37.2499144071394'}"
발안만세길_1,발안만세길,126.898753447612,37.1318609107439,"{'place_name': '발안만세길', 'address_name': None, 'road_address_name': '경기 화성시 향남읍 발안만세길', 'x': '126.898753447612', 'y': '37.1318609107439'}"
선부광장1로_2,선부광장1로,126.813044281174,37.3342618576136,"{'place_name': '선부광장1로', 'address_name': None, 'road_address_name': '경기 안산시 단원구 선부광장1로', 'x': '126.813044281174', 'y': '37.3342618576136'}"
선진4길_1,선진4길,126.849745550003,37.2801286320612,"{'place_name': '선진4길', 'address_name': None, 'road_address_name': '경기 안산시 상록구 선진4길', 'x': '126.849745550003', 'y': '37.2801286320612'}"
선진4길_2,선진4길,126.849745550003,37.2801286320612,"{'place_name': '선진4길', 'address_name': None, 'road_address_name': '경기 안산시 상록구 선진4길', 'x': '126.849745550003', 'y': '37.2801286320612'}"
안양공용버스터미널,안양버스터미널,126.91859929851336,37.401898238260216,"{'address_name': '경기 안양시 만안구 안양동 695-208', 'category_group_code': '', 'category_group_name': '', 'category_name': '교통,수송 > 교통시설 > 고속,시외버스정류장', 'distance': '', 'id': '26873199', 'phone': '031-446-1937', 'place_name': '안양시외버스정류장', 'place_url': 'http://place.map.kakao.com/26873199', 'road_address_name': '', 'x': '126.91859929851336', 'y': '37.401898238260216'}"
양지로278번길_1,양지로278번길,127.195743197749,37.7013238901318,"{'place_name': '양지로278번길', 'address_name': None, 'road_address_name': '경기 남양주시 오남읍 양지로278번길', 'x': '127.195743197749', 'y': '37.7013238901318'}"
양지로278번길_2,양지로278번길,127.195743197749,37.7013238901318,"{'place_name': '양지로278번길', 'address_name': None, 'road_address_name': '경기 남양주시 오남읍 양지로278번길', 'x': '127.195743197749', 'y': '37.7013238901318'}"
예현로35번길_2,예현로35번길,127.066907619978,37.2426645020806,"{'place_name': '예현로35번길', 'address_name': None, 'road_address_name': '경기 용인시 기흥구 예현로35번길', 'x': '127.066907619978', 'y': '37.2426645020806'}"
오이도중앙로_1,오이도중앙로,126.68931193389811,37.346240383623865,"{'address_name': '경기 시흥시 정왕동 2001-1', 'category_group_code': 'CS2', 'category_group_name': '편의점', 'category_name': '가정,생활 > 편의점 > 이마트24', 'distance': '', 'id': '584458683', 'phone': '', 'place_name': '이마트24 오이도중앙로점', 'place_url': 'http://place.map.kakao.com/584458683', 'road_address_name': '경기 시흥시 오이도중앙로36번길 6-9', 'x': '126.68931193389811', 'y': '37.346240383623865'}"
오이도중앙로_2,오이도중앙로,126.68931193389811,37.346240383623865,"{'address_name': '경기 시흥시 정왕동 2001-1', 'category_group_code': 'CS2', 'category_group_name': '편의점', 'category_name': '가정,생활 > 편의점 > 이마트24', 'distance': '', 'id': '584458683', 'phone': '', 'place_name': '이마트24 오이도중앙로점', 'place_url': 'http://place.map.kakao.com/584458683', 'road_address_name': '경기 시흥시 오이도중앙로36번길 6-9', 'x': '126.68931193389811', 'y': '37.346240383623865'}"
원곡로_1,원곡로,126.792618314106,37.330044425352,"{'place_name': '원곡로', 'address_name': None, 'road_address_name': '경기 안산시 단원구 원곡로', 'x': '126.792618314106', 'y': '37.330044425352'}"
장다리로_3,장다리로,127.024132295546,37.2649447435806,"{'place_name': '장다리로', 'address_name': None, 'road_address_name': '경기 수원시 권선구 장다리로', 'x': '127.024132295546', 'y': '37.2649447435806'}"
적성공용버스터미널,적성버스터미널,127.067686037703,38.025158740927736,"{'address_name': '경기 연천군 전곡읍 전곡리 474-2', 'category_group_code': '', 'category_group_name': '', 'category_name': '교통,수송 > 교통시설 > 고속,시외버스터미널', 'distance': '', 'id': '27478470', 'phone': '031-832-4914', 'place_name': '전곡시외버스터미널', 'place_url': 'http://place.map.kakao.com/27478470', 'road_address_name': '경기 연천군 전곡읍 온골로 49', 'x': '127.067686037703', 'y': '38.025158740927736'}"
죽전정류소,죽전정류장,127.10380715066972,37.326426028498474,"{'address_name': '경기 용인시 수지구 죽전동 974-3', 'category_group_code': '', 'category_group_name': '', 'category_name': '교통,수송 > 교통시설 > 고속,시외버스정류장', 'distance': '', 'id': '25421493', 'phone': '', 'place_name': '죽전간이정류장 상행', 'place_url': 'http://place.map.kakao.com/25421493', 'road_address_name': '', 'x': '127.10380715066972', 'y': '37.326426028498474'}"
평남로_4,평남로,127.100488631544,36.9872980979875,"{'place_name': '평남로', 'address_name': None, 'road_address_name': '경기 평택시 고덕면 평남로', 'x': '127.100488631544', 'y': '36.9872980979875'}"
현리공용버스터미널,현리버스터미널,127.34852015363175,37.817827182340125,"{'address_name': '경기 가평군 조종면 현리 410-2', 'category_group_code': '', 'category_group_name': '', 'category_name': '교통,수송 > 교통시설 > 고속,시외버스정류장', 'distance': '', 'id': '18166623', 'phone': '', 'place_name': '현리터미널', 'place_url': 'http://place.map.kakao.com/18166623', 'road_address_name': '', 'x': '127.34852015363175', 'y': '37.817827182340125'}"
홈플러스의전부점,홈플러스 의정부점,127.070831994156,37.7524935712837,"{'address_name': '경기 의정부시 금오동 475-1', 'category_group_code': 'PK6', 'category_group_name': '주차장', 'category_name': '교통,수송 > 교통시설 > 주차장', 'distance': '', 'id': '724120217', 'phone': '', 'place_name': '홈플러스 의정부점 주차장', 'place_url': 'http://place.map.kakao.com/724120217', 'road_address_name': '경기 의정부시 청사로 38', 'x': '127.070831994156', 'y': '37.7524935712837'}"
홍유릉로248번길_1,홍유릉로248번길,127.20249398132,37.6267489516438,"{'place_name': '홍유릉로248번길', 'address_name': None, 'road_address_name': '경기 남양주시 홍유릉로248번길', 'x': '127.20249398132', 'y': '37.6267489516438'}"
홍유릉로248번길_2,홍유릉로248번길,127.20249398132,37.6267489516438,"{'place_name': '홍유릉로248번길', 'address_name': None, 'road_address_name': '경기 남양주시 홍유릉로248번길', 'x': '127.20249398132', 'y': '37.6267489516438'}"
