﻿BIZDIST_NM,used_query,lon,lat,meta
거북마루로_1,동두천시 거북마루로_1,127.04709142386,37.8958241872832,"{'address_name': '경기 동두천시 지행동 674-5', 'category_group_code': 'CS2', 'category_group_name': '편의점', 'category_name': '가정,생활 > 편의점 > 세븐일레븐', 'distance': '', 'id': '27458317', 'phone': '031-865-7039', 'place_name': '세븐일레븐 동두천거북로점', 'place_url': 'http://place.map.kakao.com/27458317', 'road_address_name': '경기 동두천시 거북마루로 10', 'x': '127.04709142386', 'y': '37.8958241872832'}"
거북마루로_2,동두천시 거북마루로_2,127.04709142386,37.8958241872832,"{'address_name': '경기 동두천시 지행동 674-5', 'category_group_code': 'CS2', 'category_group_name': '편의점', 'category_name': '가정,생활 > 편의점 > 세븐일레븐', 'distance': '', 'id': '27458317', 'phone': '031-865-7039', 'place_name': '세븐일레븐 동두천거북로점', 'place_url': 'http://place.map.kakao.com/27458317', 'road_address_name': '경기 동두천시 거북마루로 10', 'x': '127.04709142386', 'y': '37.8958241872832'}"
보광로,파주시 경기도 보광로,126.867335800737,37.7894598139337,"{'x': '126.867335800737', 'y': '37.7894598139337', 'place_name': '파주시 경기도 보광로', 'address_name': None, 'road_address_name': '경기 파주시 광탄면 보광로'}"
선부광장1로_2,경기도 안산시 선부광장1로_2,126.813044281174,37.3342618576136,"{'x': '126.813044281174', 'y': '37.3342618576136', 'place_name': '경기 경기도 안산시 선부광장1로', 'address_name': None, 'road_address_name': '경기 안산시 단원구 선부광장1로'}"
선진4길_1,안산시 경기 선진4길,126.849745550003,37.2801286320612,"{'x': '126.849745550003', 'y': '37.2801286320612', 'place_name': '안산시 경기 선진4길', 'address_name': None, 'road_address_name': '경기 안산시 상록구 선진4길'}"
선진4길_2,안산시 경기 선진4길,126.849745550003,37.2801286320612,"{'x': '126.849745550003', 'y': '37.2801286320612', 'place_name': '안산시 경기 선진4길', 'address_name': None, 'road_address_name': '경기 안산시 상록구 선진4길'}"
양지로278번길_1,경기도 남양주시 양지로278번길_1,127.195743197749,37.7013238901318,"{'x': '127.195743197749', 'y': '37.7013238901318', 'place_name': '경기 경기도 남양주시 양지로 278번길', 'address_name': None, 'road_address_name': '경기 남양주시 오남읍 양지로278번길'}"
양지로278번길_2,경기도 남양주시 양지로278번길_2,127.195743197749,37.7013238901318,"{'x': '127.195743197749', 'y': '37.7013238901318', 'place_name': '경기 경기도 남양주시 양지로 278번길', 'address_name': None, 'road_address_name': '경기 남양주시 오남읍 양지로278번길'}"
예현로35번길_2,경기도 용인시 예현로35번길_2,127.066907619978,37.2426645020806,"{'x': '127.066907619978', 'y': '37.2426645020806', 'place_name': '경기 경기도 용인시 예현로 35번길', 'address_name': None, 'road_address_name': '경기 용인시 기흥구 예현로35번길'}"
홍유릉로248번길_1,경기도 남양주시 홍유릉로248번길_1,127.20249398132,37.6267489516438,"{'x': '127.20249398132', 'y': '37.6267489516438', 'place_name': '경기 경기도 남양주시 홍유릉로 248번길', 'address_name': None, 'road_address_name': '경기 남양주시 홍유릉로248번길'}"
홍유릉로248번길_2,경기도 남양주시 홍유릉로248번길_2,127.20249398132,37.6267489516438,"{'x': '127.20249398132', 'y': '37.6267489516438', 'place_name': '경기 경기도 남양주시 홍유릉로 248번길', 'address_name': None, 'road_address_name': '경기 남양주시 홍유릉로248번길'}"
