{
  "morning": {
    "label": "오전",
    "n_input": 6162,
    "n_islands": 10,
    "dropped_idx": [
      0,
      2,
      1701,
      2963,
      5546,
      5552,
      6076,
      6120,
      6127,
      6160
    ]
  },
  "lunch": {
    "label": "점심",
    "n_input": 6902,
    "n_islands": 7,
    "dropped_idx": [
      3191,
      4208,
      4513,
      6804,
      6862,
      6895,
      6901
    ]
  },
  "afternoon": {
    "label": "오후",
    "n_input": 6124,
    "n_islands": 7,
    "dropped_idx": [
      0,
      1,
      2728,
      4877,
      6066,
      6101,
      6123
    ]
  },
  "evening": {
    "label": "저녁",
    "n_input": 6481,
    "n_islands": 7,
    "dropped_idx": [
      0,
      3274,
      4934,
      5353,
      5471,
      6475,
      6480
    ]
  }
}