[{"lat":37.235562821,"lon":126.9841688291,"repeat_n":2,"periods":["afternoon","morning"],"GiZ_mean":5.5240915491,"GiZ_max":9.364750907,"local_sum_mean":715.5,"center_count_mean":1.5,"color":"#ff8a65","radius":29.0958192813},{"lat":37.2366077225,"lon":126.9856042881,"repeat_n":1,"periods":["afternoon"],"GiZ_mean":2.5971041185,"GiZ_max":2.9228658669,"local_sum_mean":624.5,"center_count_mean":1.0,"color":"#ffccbc","radius":18.3824450657},{"lat":37.2892044343,"lon":127.0534669414,"repeat_n":2,"periods":["lunch","morning"],"GiZ_mean":1.5423988394,"GiZ_max":2.2590274602,"local_sum_mean":1188.0,"center_count_mean":41.0,"color":"#ff8a65","radius":26.2229399329},{"lat":37.2881840026,"lon":127.0523374109,"repeat_n":1,"periods":["lunch"],"GiZ_mean":2.239100212,"GiZ_max":2.239100212,"local_sum_mean":1266.0,"center_count_mean":2.0,"color":"#ffccbc","radius":21.5880531091},{"lat":37.2593615781,"lon":127.0647832434,"repeat_n":1,"periods":["morning"],"GiZ_mean":1.9854919835,"GiZ_max":1.9854919835,"local_sum_mean":3339.0,"center_count_mean":1.0,"color":"#ffccbc","radius":29.0041170754},{"lat":37.292778319,"lon":127.0517944062,"repeat_n":1,"periods":["lunch"],"GiZ_mean":1.606017383,"GiZ_max":1.6936435442,"local_sum_mean":1318.0,"center_count_mean":24.0,"color":"#ffccbc","radius":20.9549187387},{"lat":37.2392774533,"lon":126.9887075657,"repeat_n":2,"periods":["afternoon","morning"],"GiZ_mean":1.6494503478,"GiZ_max":1.6835224301,"local_sum_mean":787.0,"center_count_mean":21.5,"color":"#ff8a65","radius":24.1279625843},{"lat":37.2562447532,"lon":127.061799921,"repeat_n":1,"periods":["morning"],"GiZ_mean":1.6669008864,"GiZ_max":1.6669008864,"local_sum_mean":3483.0,"center_count_mean":5.0,"color":"#ffccbc","radius":28.9895925925},{"lat":37.258579013,"lon":127.0579642396,"repeat_n":1,"periods":["morning"],"GiZ_mean":1.6554564956,"GiZ_max":1.6649044281,"local_sum_mean":3919.0,"center_count_mean":96.3333333333,"color":"#ffccbc","radius":30.22831001},{"lat":37.2511046221,"lon":127.0693522393,"repeat_n":1,"periods":["lunch"],"GiZ_mean":1.5864974236,"GiZ_max":1.5864974236,"local_sum_mean":556.0,"center_count_mean":12.0,"color":"#ffccbc","radius":16.4739746788},{"lat":37.2906222302,"lon":127.0522962451,"repeat_n":2,"periods":["lunch","morning"],"GiZ_mean":1.3375190905,"GiZ_max":1.5634006964,"local_sum_mean":1404.5,"center_count_mean":13.0,"color":"#ff8a65","radius":26.9893575178},{"lat":37.2860933354,"lon":127.0502287668,"repeat_n":1,"periods":["lunch"],"GiZ_mean":1.5493328914,"GiZ_max":1.5493328914,"local_sum_mean":534.0,"center_count_mean":1.0,"color":"#ffccbc","radius":16.2570200538},{"lat":37.2572019313,"lon":127.0596923956,"repeat_n":1,"periods":["morning"],"GiZ_mean":1.53979497,"GiZ_max":1.53979497,"local_sum_mean":4122.0,"center_count_mean":1.0,"color":"#ffccbc","radius":30.626694245},{"lat":37.2603744019,"lon":127.0595192446,"repeat_n":1,"periods":["morning"],"GiZ_mean":1.4188477978,"GiZ_max":1.5303815484,"local_sum_mean":3955.7272727273,"center_count_mean":34.8181818182,"color":"#ffccbc","radius":29.9994873552},{"lat":37.2686967859,"lon":127.0338802559,"repeat_n":2,"periods":["afternoon","evening"],"GiZ_mean":1.1354688818,"GiZ_max":1.4541732169,"local_sum_mean":3783.6666666667,"center_count_mean":1.3333333333,"color":"#ff8a65","radius":35.1186872224},{"lat":37.2935842257,"lon":127.049540827,"repeat_n":1,"periods":["lunch"],"GiZ_mean":1.3757951907,"GiZ_max":1.4046210895,"local_sum_mean":1238.0,"center_count_mean":36.0,"color":"#ffccbc","radius":20.2409417271},{"lat":37.2582989335,"lon":127.0593691703,"repeat_n":1,"periods":["morning"],"GiZ_mean":1.3797143748,"GiZ_max":1.4041585026,"local_sum_mean":4068.0,"center_count_mean":21.3333333333,"color":"#ffccbc","radius":30.2549063315},{"lat":37.2893452632,"lon":127.0584911409,"repeat_n":1,"periods":["lunch"],"GiZ_mean":1.3199203874,"GiZ_max":1.3805588316,"local_sum_mean":936.0,"center_count_mean":8.5,"color":"#ffccbc","radius":18.5558295208},{"lat":37.2602816602,"lon":127.0610578845,"repeat_n":1,"periods":["morning"],"GiZ_mean":1.2674208848,"GiZ_max":1.3618397029,"local_sum_mean":3994.6666666667,"center_count_mean":30.0,"color":"#ffccbc","radius":29.8955706418},{"lat":37.2874678444,"lon":127.057603535,"repeat_n":1,"periods":["lunch"],"GiZ_mean":1.3169390996,"GiZ_max":1.3613517064,"local_sum_mean":998.0,"center_count_mean":1.5,"color":"#ffccbc","radius":18.9006130388},{"lat":37.2519706717,"lon":127.0706289989,"repeat_n":1,"periods":["lunch"],"GiZ_mean":1.3485811911,"GiZ_max":1.3485811911,"local_sum_mean":1152.0,"center_count_mean":2.0,"color":"#ffccbc","radius":19.7674075915},{"lat":37.260369807,"lon":126.9641848315,"repeat_n":1,"periods":["afternoon"],"GiZ_mean":1.1643594027,"GiZ_max":1.346384209,"local_sum_mean":2003.0,"center_count_mean":128.5,"color":"#ffccbc","radius":23.2943139642},{"lat":37.2918541542,"lon":127.0507905621,"repeat_n":1,"periods":["lunch"],"GiZ_mean":1.308104665,"GiZ_max":1.3134398289,"local_sum_mean":1617.0,"center_count_mean":1.5,"color":"#ffccbc","radius":21.905525015},{"lat":37.2611955474,"lon":127.059664095,"repeat_n":1,"periods":["morning"],"GiZ_mean":1.1941182615,"GiZ_max":1.2232359277,"local_sum_mean":3821.5,"center_count_mean":1.5,"color":"#ffccbc","radius":29.3081642961},{"lat":37.2604681483,"lon":127.0631155544,"repeat_n":1,"periods":["morning"],"GiZ_mean":1.222211307,"GiZ_max":1.222211307,"local_sum_mean":4080.0,"center_count_mean":3.0,"color":"#ffccbc","radius":30.0673030215},{"lat":37.2873645568,"lon":127.0589429456,"repeat_n":1,"periods":["lunch"],"GiZ_mean":1.2151398005,"GiZ_max":1.2151398005,"local_sum_mean":993.0,"center_count_mean":1.0,"color":"#ffccbc","radius":18.7303616003},{"lat":37.2619605747,"lon":127.0609081403,"repeat_n":1,"periods":["morning"],"GiZ_mean":1.1531660236,"GiZ_max":1.2068101409,"local_sum_mean":4337.0,"center_count_mean":1.0,"color":"#ffccbc","radius":30.6639985894},{"lat":37.2839241992,"lon":127.0550364344,"repeat_n":1,"periods":["lunch"],"GiZ_mean":1.198266556,"GiZ_max":1.198266556,"local_sum_mean":432.0,"center_count_mean":3.0,"color":"#ffccbc","radius":14.9521865702},{"lat":37.2881800388,"lon":127.060643053,"repeat_n":1,"periods":["lunch"],"GiZ_mean":1.1909043738,"GiZ_max":1.1909043738,"local_sum_mean":980.0,"center_count_mean":127.0,"color":"#ffccbc","radius":18.6239992131},{"lat":37.2889853267,"lon":127.0471168191,"repeat_n":2,"periods":["lunch","morning"],"GiZ_mean":1.1393592621,"GiZ_max":1.1689075548,"local_sum_mean":1388.1666666667,"center_count_mean":6.3333333333,"color":"#ff8a65","radius":26.6354410249},{"lat":37.2484746753,"lon":127.0625183171,"repeat_n":1,"periods":["evening"],"GiZ_mean":1.1549583039,"GiZ_max":1.1549583039,"local_sum_mean":2083.0,"center_count_mean":2.0,"color":"#ffccbc","radius":23.5909048156},{"lat":37.2570379777,"lon":126.9641427654,"repeat_n":1,"periods":["afternoon"],"GiZ_mean":1.0648899321,"GiZ_max":1.1491873848,"local_sum_mean":2008.0,"center_count_mean":4.0,"color":"#ffccbc","radius":23.1745954567},{"lat":37.2602323992,"lon":126.9629206467,"repeat_n":2,"periods":["afternoon","lunch"],"GiZ_mean":1.10318239,"GiZ_max":1.1485182405,"local_sum_mean":1685.0,"center_count_mean":1.3333333333,"color":"#ff8a65","radius":27.9115183722},{"lat":37.2579200564,"lon":127.061291765,"repeat_n":1,"periods":["morning"],"GiZ_mean":1.1445905042,"GiZ_max":1.1445905042,"local_sum_mean":4219.0,"center_count_mean":29.0,"color":"#ffccbc","radius":30.3362671206},{"lat":37.2875600475,"lon":127.0558556564,"repeat_n":1,"periods":["lunch"],"GiZ_mean":1.13686604,"GiZ_max":1.13686604,"local_sum_mean":940.0,"center_count_mean":1.0,"color":"#ffccbc","radius":18.3224092577},{"lat":37.2908298957,"lon":127.0451288112,"repeat_n":2,"periods":["lunch","morning"],"GiZ_mean":1.0763900627,"GiZ_max":1.1320142214,"local_sum_mean":1357.5,"center_count_mean":18.0,"color":"#ff8a65","radius":26.4024394866},{"lat":37.2623349366,"lon":127.0629299749,"repeat_n":1,"periods":["morning"],"GiZ_mean":1.1176169659,"GiZ_max":1.1176169659,"local_sum_mean":4883.0,"center_count_mean":2.0,"color":"#ffccbc","radius":32.0221268259},{"lat":37.2654709811,"lon":127.0337844543,"repeat_n":2,"periods":["afternoon","evening"],"GiZ_mean":0.8462036728,"GiZ_max":1.1123673229,"local_sum_mean":10663.6666666667,"center_count_mean":24.9047619048,"color":"#ff8a65","radius":42.0},{"lat":37.2598802984,"lon":126.9611308231,"repeat_n":2,"periods":["afternoon","lunch"],"GiZ_mean":1.0526295315,"GiZ_max":1.1101184028,"local_sum_mean":1523.5,"center_count_mean":3.5,"color":"#ff8a65","radius":27.134894687},{"lat":37.2580839736,"lon":126.9636663834,"repeat_n":1,"periods":["afternoon"],"GiZ_mean":0.9710141789,"GiZ_max":1.0965480335,"local_sum_mean":2013.5,"center_count_mean":1.5,"color":"#ffccbc","radius":23.0646339528},{"lat":37.2925003888,"lon":127.0492739596,"repeat_n":1,"periods":["lunch"],"GiZ_mean":1.0824546591,"GiZ_max":1.0824546591,"local_sum_mean":1469.0,"center_count_mean":3.0,"color":"#ffccbc","radius":20.9300740505},{"lat":37.2903814721,"lon":127.0546902941,"repeat_n":1,"periods":["lunch"],"GiZ_mean":1.0363863926,"GiZ_max":1.0363863926,"local_sum_mean":930.0,"center_count_mean":114.0,"color":"#ffccbc","radius":18.124506427},{"lat":37.2903595911,"lon":127.0465449854,"repeat_n":1,"periods":["lunch"],"GiZ_mean":1.0238362975,"GiZ_max":1.0261012845,"local_sum_mean":1405.0,"center_count_mean":3.5,"color":"#ffccbc","radius":20.5525361863},{"lat":37.258064145,"lon":126.9878367646,"repeat_n":1,"periods":["afternoon"],"GiZ_mean":0.9882022931,"GiZ_max":0.9882022931,"local_sum_mean":626.0,"center_count_mean":13.0,"color":"#ffccbc","radius":16.1404804126},{"lat":37.255445575,"lon":126.9626246526,"repeat_n":1,"periods":["afternoon"],"GiZ_mean":0.9852470322,"GiZ_max":0.9852470322,"local_sum_mean":1759.0,"center_count_mean":1.0,"color":"#ffccbc","radius":22.0584977279},{"lat":37.2571824281,"lon":126.9629178957,"repeat_n":1,"periods":["afternoon"],"GiZ_mean":0.9196497372,"GiZ_max":0.9568951405,"local_sum_mean":1951.25,"center_count_mean":1.75,"color":"#ffccbc","radius":22.7480440666},{"lat":37.2584302236,"lon":126.9627295445,"repeat_n":1,"periods":["afternoon"],"GiZ_mean":0.9046514376,"GiZ_max":0.9557551169,"local_sum_mean":2015.1428571429,"center_count_mean":22.5714285714,"color":"#ffccbc","radius":22.9781319165},{"lat":37.2646875068,"lon":127.0364222748,"repeat_n":2,"periods":["afternoon","evening"],"GiZ_mean":0.8129681376,"GiZ_max":0.931624617,"local_sum_mean":5729.2352941176,"center_count_mean":39.4117647059,"color":"#ff8a65","radius":39.6302546588},{"lat":37.2664798368,"lon":127.0325722928,"repeat_n":2,"periods":["afternoon","evening"],"GiZ_mean":0.7980023077,"GiZ_max":0.9219616472,"local_sum_mean":10384.0,"center_count_mean":3.4,"color":"#ff8a65","radius":42.0},{"lat":37.2643236646,"lon":127.0330178399,"repeat_n":2,"periods":["afternoon","evening"],"GiZ_mean":0.786280703,"GiZ_max":0.9142003688,"local_sum_mean":13048.8571428571,"center_count_mean":18.5714285714,"color":"#ff8a65","radius":42.0},{"lat":37.2722027158,"lon":126.9590444297,"repeat_n":1,"periods":["afternoon"],"GiZ_mean":0.8399636241,"GiZ_max":0.9061683982,"local_sum_mean":1905.0,"center_count_mean":4.0,"color":"#ffccbc","radius":22.4521560637},{"lat":37.2615332244,"lon":127.0395242106,"repeat_n":1,"periods":["evening"],"GiZ_mean":0.9019391836,"GiZ_max":0.9019391836,"local_sum_mean":3000.0,"center_count_mean":7.0,"color":"#ffccbc","radius":26.4330043697},{"lat":37.2573150678,"lon":126.9897985959,"repeat_n":1,"periods":["afternoon"],"GiZ_mean":0.900066033,"GiZ_max":0.9005779738,"local_sum_mean":1065.0,"center_count_mean":1.5,"color":"#ffccbc","radius":18.6821106566},{"lat":37.2630951137,"lon":127.0377999647,"repeat_n":2,"periods":["afternoon","evening"],"GiZ_mean":0.7718548304,"GiZ_max":0.873475122,"local_sum_mean":5132.5,"center_count_mean":14.5,"color":"#ff8a65","radius":38.155110716},{"lat":37.2672332884,"lon":127.0299266771,"repeat_n":1,"periods":["evening"],"GiZ_mean":0.7468068541,"GiZ_max":0.8508499185,"local_sum_mean":10314.2222222222,"center_count_mean":2.8888888889,"color":"#ffccbc","radius":42.0},{"lat":37.2646246225,"lon":127.0146672708,"repeat_n":1,"periods":["evening"],"GiZ_mean":0.7541486909,"GiZ_max":0.8363684385,"local_sum_mean":3067.5,"center_count_mean":1.0,"color":"#ffccbc","radius":26.4405637757},{"lat":37.2634651251,"lon":127.0358495247,"repeat_n":1,"periods":["afternoon"],"GiZ_mean":0.7406338087,"GiZ_max":0.8329616626,"local_sum_mean":6138.375,"center_count_mean":9.0,"color":"#ffccbc","radius":34.4586111566},{"lat":37.2603382263,"lon":127.0382606685,"repeat_n":2,"periods":["afternoon","evening"],"GiZ_mean":0.7580400172,"GiZ_max":0.811465372,"local_sum_mean":2844.0,"center_count_mean":8.0,"color":"#ff8a65","radius":31.7264643005},{"lat":37.2407335497,"lon":126.9872887796,"repeat_n":1,"periods":["afternoon"],"GiZ_mean":0.810801114,"GiZ_max":0.810801114,"local_sum_mean":652.0,"center_count_mean":1.0,"color":"#ffccbc","radius":16.072123294},{"lat":37.2641382213,"lon":127.0320318314,"repeat_n":2,"periods":["afternoon","evening"],"GiZ_mean":0.7465396121,"GiZ_max":0.7811773205,"local_sum_mean":14299.3,"center_count_mean":129.6,"color":"#ff8a65","radius":42.0},{"lat":37.2641786385,"lon":127.0347903414,"repeat_n":1,"periods":["afternoon"],"GiZ_mean":0.7366340492,"GiZ_max":0.7671011083,"local_sum_mean":7208.5,"center_count_mean":48.0,"color":"#ffccbc","radius":36.7472976635},{"lat":37.261798203,"lon":127.0373595472,"repeat_n":1,"periods":["afternoon"],"GiZ_mean":0.7457883298,"GiZ_max":0.7457883298,"local_sum_mean":4389.0,"center_count_mean":6.0,"color":"#ffccbc","radius":30.2314385668},{"lat":37.2660973845,"lon":127.030807257,"repeat_n":1,"periods":["evening"],"GiZ_mean":0.7071723648,"GiZ_max":0.7205196729,"local_sum_mean":12012.5,"center_count_mean":5.75,"color":"#ffccbc","radius":42.0},{"lat":37.2670947845,"lon":127.0339660852,"repeat_n":2,"periods":["afternoon","evening"],"GiZ_mean":0.6976001882,"GiZ_max":0.7201481292,"local_sum_mean":6743.0,"center_count_mean":3.0,"color":"#ff8a65","radius":41.7171604397},{"lat":37.2622669443,"lon":127.0327291504,"repeat_n":1,"periods":["afternoon"],"GiZ_mean":0.6873594959,"GiZ_max":0.6873594959,"local_sum_mean":9362.0,"center_count_mean":1.0,"color":"#ffccbc","radius":40.8274033236},{"lat":37.2669405556,"lon":127.0161650219,"repeat_n":1,"periods":["evening"],"GiZ_mean":0.6827617835,"GiZ_max":0.6827617835,"local_sum_mean":3056.0,"center_count_mean":2.0,"color":"#ffccbc","radius":26.3042514424},{"lat":37.2613203361,"lon":127.0351494866,"repeat_n":1,"periods":["afternoon"],"GiZ_mean":0.6816823408,"GiZ_max":0.6817422976,"local_sum_mean":7147.0,"center_count_mean":1.5,"color":"#ffccbc","radius":36.5433312649},{"lat":37.2663667353,"lon":127.0298124424,"repeat_n":1,"periods":["evening"],"GiZ_mean":0.6777976198,"GiZ_max":0.6777976198,"local_sum_mean":10902.0,"center_count_mean":2.0,"color":"#ffccbc","radius":42.0},{"lat":37.2634694601,"lon":127.0311146294,"repeat_n":1,"periods":["evening"],"GiZ_mean":0.6777636525,"GiZ_max":0.6777636525,"local_sum_mean":13316.0,"center_count_mean":2.0,"color":"#ffccbc","radius":42.0}]