[{"lat":37.2417410277,"lon":127.0341646695,"period_key":"afternoon","period_label":"오후","count":168.0,"local_sum":782.0,"local_n":8,"GiZ":1.7027836093,"GiP":0.014,"color":"#e53935","radius":19.9101589381},{"lat":37.260885803,"lon":127.0259101232,"period_key":"afternoon","period_label":"오후","count":143.0,"local_sum":956.0,"local_n":8,"GiZ":2.2936344612,"GiP":0.006,"color":"#e53935","radius":22.0375150049},{"lat":37.2651419463,"lon":127.0298236843,"period_key":"afternoon","period_label":"오후","count":110.0,"local_sum":955.0,"local_n":8,"GiZ":2.3882751252,"GiP":0.006,"color":"#e53935","radius":22.1824699126},{"lat":37.259884642,"lon":126.9925485708,"period_key":"afternoon","period_label":"오후","count":142.0,"local_sum":756.0,"local_n":8,"GiZ":1.7024900153,"GiP":0.012,"color":"#e53935","radius":19.7221656924},{"lat":37.2644930623,"lon":127.0349257699,"period_key":"afternoon","period_label":"오후","count":64.0,"local_sum":1218.0,"local_n":8,"GiZ":3.3054807451,"GiP":0.002,"color":"#e53935","radius":25.2487118854},{"lat":37.261798203,"lon":127.0373595472,"period_key":"afternoon","period_label":"오후","count":6.0,"local_sum":2066.0,"local_n":8,"GiZ":5.9954928847,"GiP":0.002,"color":"#e53935","radius":33.7740976993},{"lat":37.2616850106,"lon":127.0298120626,"period_key":"afternoon","period_label":"오후","count":75.0,"local_sum":637.0,"local_n":8,"GiZ":1.5475095228,"GiP":0.016,"color":"#e53935","radius":18.5715588078},{"lat":37.2611947328,"lon":127.0302481406,"period_key":"afternoon","period_label":"오후","count":46.0,"local_sum":549.0,"local_n":8,"GiZ":1.3721657137,"GiP":0.018,"color":"#e53935","radius":17.5677647529},{"lat":37.251709809,"lon":127.0771438231,"period_key":"afternoon","period_label":"오후","count":11.0,"local_sum":819.0,"local_n":8,"GiZ":2.2777501912,"GiP":0.006,"color":"#e53935","radius":21.091670723},{"lat":37.2642540859,"lon":127.032463502,"period_key":"afternoon","period_label":"오후","count":31.0,"local_sum":552.0,"local_n":8,"GiZ":1.4255664612,"GiP":0.016,"color":"#e53935","radius":17.6787784375},{"lat":37.260810239,"lon":127.0253391147,"period_key":"afternoon","period_label":"오후","count":26.0,"local_sum":952.0,"local_n":8,"GiZ":2.6281895724,"GiP":0.006,"color":"#e53935","radius":22.5469022122},{"lat":37.2642451568,"lon":127.0328219991,"period_key":"afternoon","period_label":"오후","count":15.0,"local_sum":552.0,"local_n":8,"GiZ":1.4730367168,"GiP":0.016,"color":"#e53935","radius":17.7547308464},{"lat":37.2386974604,"lon":127.0305940351,"period_key":"afternoon","period_label":"오후","count":4.0,"local_sum":527.0,"local_n":8,"GiZ":1.4314441401,"GiP":0.016,"color":"#e53935","radius":17.4729028507},{"lat":37.2392774533,"lon":126.9887075657,"period_key":"afternoon","period_label":"오후","count":33.0,"local_sum":641.0,"local_n":8,"GiZ":1.6839185745,"GiP":0.014,"color":"#e53935","radius":18.8214608402},{"lat":37.2644592222,"lon":127.0365863622,"period_key":"afternoon","period_label":"오후","count":2.0,"local_sum":650.0,"local_n":8,"GiZ":1.8026225623,"GiP":0.01,"color":"#e53935","radius":19.0822351268},{"lat":37.2737208149,"lon":126.9443645105,"period_key":"afternoon","period_label":"오후","count":25.0,"local_sum":679.0,"local_n":8,"GiZ":1.8204893332,"GiP":0.01,"color":"#e53935","radius":19.3358343098},{"lat":37.2628692236,"lon":127.0329722402,"period_key":"afternoon","period_label":"오후","count":1.0,"local_sum":931.0,"local_n":8,"GiZ":2.6400065367,"GiP":0.006,"color":"#e53935","radius":22.4289275006},{"lat":37.2640253667,"lon":127.0363060038,"period_key":"afternoon","period_label":"오후","count":8.0,"local_sum":614.0,"local_n":8,"GiZ":1.6779151565,"GiP":0.014,"color":"#e53935","radius":18.596273605},{"lat":37.2643464236,"lon":127.0350581673,"period_key":"afternoon","period_label":"오후","count":4.0,"local_sum":1219.0,"local_n":8,"GiZ":3.4863039692,"GiP":0.002,"color":"#e53935","radius":25.5437585508},{"lat":37.2738917405,"lon":126.9556712314,"period_key":"afternoon","period_label":"오후","count":4.0,"local_sum":521.0,"local_n":8,"GiZ":1.4136274363,"GiP":0.018,"color":"#e53935","radius":17.3919736666},{"lat":37.2477134274,"lon":127.0432525888,"period_key":"afternoon","period_label":"오후","count":6.0,"local_sum":1094.0,"local_n":8,"GiZ":3.1091869077,"GiP":0.002,"color":"#e53935","radius":24.2049673792},{"lat":37.241474206,"lon":127.0326459995,"period_key":"afternoon","period_label":"오후","count":0.0,"local_sum":612.0,"local_n":8,"GiZ":1.6957196577,"GiP":0.012,"color":"#e53935","radius":18.6086049538},{"lat":37.2637484873,"lon":127.0322210167,"period_key":"afternoon","period_label":"오후","count":0.0,"local_sum":495.0,"local_n":8,"GiZ":1.3482937707,"GiP":0.018,"color":"#e53935","radius":17.0567082176},{"lat":37.2727506779,"lon":126.9430663581,"period_key":"afternoon","period_label":"오후","count":6.0,"local_sum":676.0,"local_n":8,"GiZ":1.8679565596,"GiP":0.008,"color":"#e53935","radius":19.3887304954},{"lat":37.2672512302,"lon":127.0307427885,"period_key":"afternoon","period_label":"오후","count":1.0,"local_sum":1605.0,"local_n":8,"GiZ":4.6414168512,"GiP":0.002,"color":"#e53935","radius":29.4512474611},{"lat":37.2632761837,"lon":127.0331182963,"period_key":"afternoon","period_label":"오후","count":0.0,"local_sum":901.0,"local_n":8,"GiZ":2.5538912931,"GiP":0.006,"color":"#e53935","radius":22.0928908848},{"lat":37.2961233973,"lon":126.9823944653,"period_key":"afternoon","period_label":"오후","count":12.0,"local_sum":557.0,"local_n":8,"GiZ":1.496786144,"GiP":0.016,"color":"#e53935","radius":17.8351968073},{"lat":37.2639984095,"lon":127.0351648795,"period_key":"afternoon","period_label":"오후","count":0.0,"local_sum":1158.0,"local_n":8,"GiZ":3.3170404637,"GiP":0.002,"color":"#e53935","radius":24.9190243636},{"lat":37.2647827806,"lon":127.0366053458,"period_key":"afternoon","period_label":"오후","count":1.0,"local_sum":610.0,"local_n":8,"GiZ":1.6868126035,"GiP":0.014,"color":"#e53935","radius":18.5781713938},{"lat":37.2587962149,"lon":126.9635584142,"period_key":"afternoon","period_label":"오후","count":0.0,"local_sum":1683.0,"local_n":8,"GiZ":4.8760027771,"GiP":0.002,"color":"#e53935","radius":30.2113576408},{"lat":37.2596722506,"lon":126.9642873509,"period_key":"afternoon","period_label":"오후","count":0.0,"local_sum":1816.0,"local_n":8,"GiZ":5.2709398965,"GiP":0.002,"color":"#e53935","radius":31.4793244366},{"lat":37.2726968111,"lon":126.9432862587,"period_key":"afternoon","period_label":"오후","count":1.0,"local_sum":676.0,"local_n":8,"GiZ":1.8827964029,"GiP":0.008,"color":"#e53935","radius":19.4124742446},{"lat":37.2524887687,"lon":127.0778209289,"period_key":"afternoon","period_label":"오후","count":1.0,"local_sum":812.0,"local_n":8,"GiZ":2.2866418076,"GiP":0.006,"color":"#e53935","radius":21.0568723711},{"lat":37.2522786192,"lon":127.0767566522,"period_key":"afternoon","period_label":"오후","count":0.0,"local_sum":821.0,"local_n":8,"GiZ":2.316335131,"GiP":0.006,"color":"#e53935","radius":21.1673752352},{"lat":37.2481644702,"lon":127.0428120293,"period_key":"afternoon","period_label":"오후","count":4.0,"local_sum":1097.0,"local_n":8,"GiZ":3.1240309935,"GiP":0.002,"color":"#e53935","radius":24.246845719},{"lat":37.2629366409,"lon":127.0359994079,"period_key":"afternoon","period_label":"오후","count":1.0,"local_sum":1832.0,"local_n":8,"GiZ":5.3154823429,"GiP":0.002,"color":"#e53935","radius":31.6255193958},{"lat":37.2651954026,"lon":127.030082889,"period_key":"afternoon","period_label":"오후","count":0.0,"local_sum":949.0,"local_n":8,"GiZ":2.6964249903,"GiP":0.006,"color":"#e53935","radius":22.6366174251},{"lat":37.2628699444,"lon":127.032972466,"period_key":"afternoon","period_label":"오후","count":1.0,"local_sum":931.0,"local_n":8,"GiZ":2.6400065367,"GiP":0.006,"color":"#e53935","radius":22.4289275006},{"lat":37.2590949698,"lon":127.0325257685,"period_key":"afternoon","period_label":"오후","count":0.0,"local_sum":478.0,"local_n":8,"GiZ":1.2978130862,"GiP":0.018,"color":"#e53935","radius":16.8217853816},{"lat":37.2591655443,"lon":126.9915724122,"period_key":"afternoon","period_label":"오후","count":0.0,"local_sum":536.0,"local_n":8,"GiZ":1.4700413037,"GiP":0.016,"color":"#e53935","radius":17.6127356082},{"lat":37.2640304144,"lon":127.0362998058,"period_key":"afternoon","period_label":"오후","count":0.0,"local_sum":614.0,"local_n":8,"GiZ":1.7016585617,"GiP":0.012,"color":"#e53935","radius":18.6342630535},{"lat":37.2647898994,"lon":127.0366034327,"period_key":"afternoon","period_label":"오후","count":4.0,"local_sum":610.0,"local_n":8,"GiZ":1.6779085415,"GiP":0.016,"color":"#e53935","radius":18.5639248946},{"lat":37.2478805887,"lon":127.0429567033,"period_key":"afternoon","period_label":"오후","count":2.0,"local_sum":1102.0,"local_n":8,"GiZ":3.1448144583,"GiP":0.002,"color":"#e53935","radius":24.3102572715},{"lat":37.2643323457,"lon":127.0305861386,"period_key":"afternoon","period_label":"오후","count":0.0,"local_sum":1058.0,"local_n":8,"GiZ":3.0200952611,"GiP":0.004,"color":"#e53935","radius":23.8429171916},{"lat":37.2656880718,"lon":127.0119062908,"period_key":"afternoon","period_label":"오후","count":0.0,"local_sum":1120.0,"local_n":8,"GiZ":3.2042012867,"GiP":0.002,"color":"#e53935","radius":24.5132824833},{"lat":37.2422017293,"lon":127.033224932,"period_key":"afternoon","period_label":"오후","count":0.0,"local_sum":612.0,"local_n":8,"GiZ":1.6957196577,"GiP":0.012,"color":"#e53935","radius":18.6086049538},{"lat":37.2657429136,"lon":127.0113099135,"period_key":"afternoon","period_label":"오후","count":0.0,"local_sum":1140.0,"local_n":8,"GiZ":3.2635903272,"GiP":0.002,"color":"#e53935","radius":24.7272989364},{"lat":37.2632771752,"lon":127.0331169439,"period_key":"afternoon","period_label":"오후","count":0.0,"local_sum":901.0,"local_n":8,"GiZ":2.5538912931,"GiP":0.006,"color":"#e53935","radius":22.0928908848},{"lat":37.2630305559,"lon":127.0359126472,"period_key":"afternoon","period_label":"오후","count":3.0,"local_sum":1831.0,"local_n":8,"GiZ":5.3065759276,"GiP":0.002,"color":"#e53935","radius":31.6065958004},{"lat":37.2718284079,"lon":126.955566233,"period_key":"afternoon","period_label":"오후","count":0.0,"local_sum":1154.0,"local_n":8,"GiZ":3.3051626556,"GiP":0.002,"color":"#e53935","radius":24.8764904501},{"lat":37.2961314063,"lon":126.9823261165,"period_key":"afternoon","period_label":"오후","count":6.0,"local_sum":557.0,"local_n":8,"GiZ":1.514591939,"GiP":0.016,"color":"#e53935","radius":17.8636860793},{"lat":37.2636342293,"lon":127.0322422749,"period_key":"afternoon","period_label":"오후","count":0.0,"local_sum":493.0,"local_n":8,"GiZ":1.3423548666,"GiP":0.018,"color":"#e53935","radius":17.0292091111},{"lat":37.296425126,"lon":126.982203113,"period_key":"afternoon","period_label":"오후","count":5.0,"local_sum":632.0,"local_n":8,"GiZ":1.7402685613,"GiP":0.012,"color":"#e53935","radius":18.8402737701},{"lat":37.2637457865,"lon":127.0305116088,"period_key":"afternoon","period_label":"오후","count":0.0,"local_sum":1042.0,"local_n":8,"GiZ":2.9725840287,"GiP":0.004,"color":"#e53935","radius":23.6681443592},{"lat":37.2642655476,"lon":127.032395978,"period_key":"afternoon","period_label":"오후","count":0.0,"local_sum":553.0,"local_n":8,"GiZ":1.5205219882,"GiP":0.016,"color":"#e53935","radius":17.8392159941},{"lat":37.2643308488,"lon":127.0350136292,"period_key":"afternoon","period_label":"오후","count":0.0,"local_sum":1219.0,"local_n":8,"GiZ":3.4981770372,"GiP":0.002,"color":"#e53935","radius":25.5627554597},{"lat":37.2648486658,"lon":127.0118595983,"period_key":"afternoon","period_label":"오후","count":1.0,"local_sum":1137.0,"local_n":8,"GiZ":3.2517135468,"GiP":0.002,"color":"#e53935","radius":24.6905139149},{"lat":37.2669957522,"lon":127.03052115,"period_key":"afternoon","period_label":"오후","count":1.0,"local_sum":2676.0,"local_n":8,"GiZ":7.8216994133,"GiP":0.002,"color":"#e53935","radius":39.2067465114},{"lat":37.2360915603,"lon":126.9856228118,"period_key":"afternoon","period_label":"오후","count":1.0,"local_sum":642.0,"local_n":8,"GiZ":1.7818350517,"GiP":0.01,"color":"#e53935","radius":18.9860236502},{"lat":37.2579784334,"lon":126.9647661122,"period_key":"afternoon","period_label":"오후","count":0.0,"local_sum":1570.0,"local_n":8,"GiZ":4.5404546982,"GiP":0.002,"color":"#e53935","radius":29.1140177221},{"lat":37.2601331198,"lon":127.0273009537,"period_key":"afternoon","period_label":"오후","count":0.0,"local_sum":791.0,"local_n":8,"GiZ":2.2272515703,"GiP":0.006,"color":"#e53935","radius":20.8134914008},{"lat":37.2673423271,"lon":127.0303878049,"period_key":"afternoon","period_label":"오후","count":1.0,"local_sum":1616.0,"local_n":8,"GiZ":4.6740808178,"GiP":0.002,"color":"#e53935","radius":29.5583303022},{"lat":37.2672315631,"lon":127.0308368061,"period_key":"afternoon","period_label":"오후","count":0.0,"local_sum":1605.0,"local_n":8,"GiZ":4.6443855191,"GiP":0.002,"color":"#e53935","radius":29.4559973298},{"lat":37.2674060965,"lon":127.0301304431,"period_key":"afternoon","period_label":"오후","count":0.0,"local_sum":1614.0,"local_n":8,"GiZ":4.6711105874,"GiP":0.002,"color":"#e53935","radius":29.5436244811},{"lat":37.27250562,"lon":126.9565092013,"period_key":"afternoon","period_label":"오후","count":0.0,"local_sum":1152.0,"local_n":8,"GiZ":3.2992237515,"GiP":0.002,"color":"#e53935","radius":24.8552082012},{"lat":37.2793921632,"lon":126.9697626204,"period_key":"afternoon","period_label":"오후","count":0.0,"local_sum":503.0,"local_n":8,"GiZ":1.3720493869,"GiP":0.018,"color":"#e53935","radius":17.1663436158},{"lat":37.2739358322,"lon":126.955513242,"period_key":"afternoon","period_label":"오후","count":2.0,"local_sum":525.0,"local_n":8,"GiZ":1.4314411751,"GiP":0.016,"color":"#e53935","radius":17.45545727},{"lat":37.2727169763,"lon":126.9430606333,"period_key":"afternoon","period_label":"오후","count":1.0,"local_sum":676.0,"local_n":8,"GiZ":1.8827964029,"GiP":0.008,"color":"#e53935","radius":19.4124742446},{"lat":37.2731346241,"lon":126.9562309123,"period_key":"afternoon","period_label":"오후","count":0.0,"local_sum":1392.0,"local_n":8,"GiZ":4.0118922377,"GiP":0.002,"color":"#e53935","radius":27.3428340652},{"lat":37.2526420792,"lon":127.0776181927,"period_key":"afternoon","period_label":"오후","count":0.0,"local_sum":812.0,"local_n":8,"GiZ":2.2896100628,"GiP":0.006,"color":"#e53935","radius":21.0616215795},{"lat":37.2527864305,"lon":127.0773365432,"period_key":"afternoon","period_label":"오후","count":1.0,"local_sum":822.0,"local_n":8,"GiZ":2.3163363226,"GiP":0.006,"color":"#e53935","radius":21.1743550657},{"lat":37.2649777536,"lon":127.0299140348,"period_key":"afternoon","period_label":"오후","count":2.0,"local_sum":946.0,"local_n":8,"GiZ":2.6815800871,"GiP":0.006,"color":"#e53935","radius":22.5933733388},{"lat":37.2525632457,"lon":127.0769158743,"period_key":"afternoon","period_label":"오후","count":2.0,"local_sum":809.0,"local_n":8,"GiZ":2.2747652868,"GiP":0.006,"color":"#e53935","radius":21.0167945815},{"lat":37.2648566632,"lon":127.0302310035,"period_key":"afternoon","period_label":"오후","count":0.0,"local_sum":837.0,"local_n":8,"GiZ":2.3638463634,"GiP":0.006,"color":"#e53935","radius":21.3545350947},{"lat":37.2658592733,"lon":127.0118712561,"period_key":"afternoon","period_label":"오후","count":0.0,"local_sum":1122.0,"local_n":8,"GiZ":3.2101401907,"GiP":0.002,"color":"#e53935","radius":24.5347316848},{"lat":37.2660059904,"lon":127.0115940545,"period_key":"afternoon","period_label":"오후","count":1.0,"local_sum":1121.0,"local_n":8,"GiZ":3.2042023227,"GiP":0.002,"color":"#e53935","radius":24.5192589505},{"lat":37.2660743868,"lon":127.0124102944,"period_key":"afternoon","period_label":"오후","count":1.0,"local_sum":1120.0,"local_n":8,"GiZ":3.2012328712,"GiP":0.002,"color":"#e53935","radius":24.5085330184},{"lat":37.2415438644,"lon":127.0335852906,"period_key":"afternoon","period_label":"오후","count":0.0,"local_sum":782.0,"local_n":8,"GiZ":2.200526502,"GiP":0.006,"color":"#e53935","radius":20.7065475665},{"lat":37.2614476271,"lon":127.0277906848,"period_key":"afternoon","period_label":"오후","count":2.0,"local_sum":787.0,"local_n":8,"GiZ":2.2094373626,"GiP":0.006,"color":"#e53935","radius":20.7565078915},{"lat":37.2622142175,"lon":127.0355943522,"period_key":"afternoon","period_label":"오후","count":0.0,"local_sum":2057.0,"local_n":8,"GiZ":5.9865778347,"GiP":0.002,"color":"#e53935","radius":33.7201892883},{"lat":37.2625852806,"lon":127.0358470502,"period_key":"afternoon","period_label":"오후","count":0.0,"local_sum":1824.0,"local_n":8,"GiZ":5.2946955127,"GiP":0.002,"color":"#e53935","radius":31.5548380236},{"lat":37.2626194341,"lon":127.0352334568,"period_key":"afternoon","period_label":"오후","count":0.0,"local_sum":1870.0,"local_n":8,"GiZ":5.4312903059,"GiP":0.002,"color":"#e53935","radius":31.9874631378},{"lat":37.264227942,"lon":127.0325130947,"period_key":"afternoon","period_label":"오후","count":4.0,"local_sum":552.0,"local_n":8,"GiZ":1.5056804056,"GiP":0.016,"color":"#e53935","radius":17.8069607485},{"lat":37.2644397057,"lon":127.0364695578,"period_key":"afternoon","period_label":"오후","count":1.0,"local_sum":650.0,"local_n":8,"GiZ":1.8055906637,"GiP":0.01,"color":"#e53935","radius":19.0869840891},{"lat":37.2644334211,"lon":127.0361013576,"period_key":"afternoon","period_label":"오후","count":1.0,"local_sum":639.0,"local_n":8,"GiZ":1.7729266972,"GiP":0.01,"color":"#e53935","radius":18.9480624433},{"lat":37.2636892784,"lon":127.0329139754,"period_key":"afternoon","period_label":"오후","count":2.0,"local_sum":1390.0,"local_n":8,"GiZ":4.0000163744,"GiP":0.002,"color":"#e53935","radius":27.3131077049},{"lat":37.2639738963,"lon":127.032005562,"period_key":"afternoon","period_label":"오후","count":0.0,"local_sum":494.0,"local_n":8,"GiZ":1.3453243187,"GiP":0.018,"color":"#e53935","radius":17.0429632182},{"lat":37.2638250506,"lon":127.0329672456,"period_key":"afternoon","period_label":"오후","count":0.0,"local_sum":1409.0,"local_n":8,"GiZ":4.0623729221,"GiP":0.002,"color":"#e53935","radius":27.5144561787},{"lat":37.235434891,"lon":126.9843085954,"period_key":"afternoon","period_label":"오후","count":0.0,"local_sum":610.0,"local_n":8,"GiZ":1.6897807536,"GiP":0.012,"color":"#e53935","radius":18.582920434},{"lat":37.2371238846,"lon":126.9855857642,"period_key":"afternoon","period_label":"오후","count":1.0,"local_sum":641.0,"local_n":8,"GiZ":1.7788656002,"GiP":0.01,"color":"#e53935","radius":18.9733760812},{"lat":37.2485181881,"lon":127.0431487895,"period_key":"afternoon","period_label":"오후","count":0.0,"local_sum":1100.0,"local_n":8,"GiZ":3.1448122462,"GiP":0.002,"color":"#e53935","radius":24.2981987553},{"lat":37.2527052482,"lon":127.0774717229,"period_key":"afternoon","period_label":"오후","count":0.0,"local_sum":822.0,"local_n":8,"GiZ":2.3193045831,"GiP":0.006,"color":"#e53935","radius":21.1791042824},{"lat":37.2672517143,"lon":127.0313024331,"period_key":"afternoon","period_label":"오후","count":0.0,"local_sum":1072.0,"local_n":8,"GiZ":3.0616675895,"GiP":0.002,"color":"#e53935","radius":23.9952325781},{"lat":37.2401135091,"lon":126.9875624071,"period_key":"afternoon","period_label":"오후","count":0.0,"local_sum":641.0,"local_n":8,"GiZ":1.7818337664,"GiP":0.01,"color":"#e53935","radius":18.9781251472},{"lat":37.2423189783,"lon":127.032819251,"period_key":"afternoon","period_label":"오후","count":0.0,"local_sum":612.0,"local_n":8,"GiZ":1.6957196577,"GiP":0.012,"color":"#e53935","radius":18.6086049538},{"lat":37.241720303,"lon":127.0341669142,"period_key":"afternoon","period_label":"오후","count":1.0,"local_sum":782.0,"local_n":8,"GiZ":2.1975582624,"GiP":0.006,"color":"#e53935","radius":20.7017983831},{"lat":37.2417401263,"lon":127.0341657962,"period_key":"afternoon","period_label":"오후","count":1.0,"local_sum":782.0,"local_n":8,"GiZ":2.1975582624,"GiP":0.006,"color":"#e53935","radius":20.7017983831},{"lat":37.2356907508,"lon":126.9840290623,"period_key":"afternoon","period_label":"오후","count":1.0,"local_sum":610.0,"local_n":8,"GiZ":1.6868126035,"GiP":0.014,"color":"#e53935","radius":18.5781713938},{"lat":37.2365846693,"lon":126.9846374263,"period_key":"afternoon","period_label":"오후","count":0.0,"local_sum":609.0,"local_n":8,"GiZ":1.6868113016,"GiP":0.014,"color":"#e53935","radius":18.570068226},{"lat":37.237431647,"lon":126.984592176,"period_key":"afternoon","period_label":"오후","count":0.0,"local_sum":608.0,"local_n":8,"GiZ":1.6838418496,"GiP":0.014,"color":"#e53935","radius":18.5572093641},{"lat":37.2480788822,"lon":127.0427809851,"period_key":"afternoon","period_label":"오후","count":1.0,"local_sum":1097.0,"local_n":8,"GiZ":3.1329354866,"GiP":0.002,"color":"#e53935","radius":24.2610929078},{"lat":37.2480050985,"lon":127.0437350499,"period_key":"afternoon","period_label":"오후","count":0.0,"local_sum":1088.0,"local_n":8,"GiZ":3.1091788219,"GiP":0.002,"color":"#e53935","radius":24.168624117},{"lat":37.2477488694,"lon":127.0434142374,"period_key":"afternoon","period_label":"오후","count":1.0,"local_sum":1092.0,"local_n":8,"GiZ":3.118088229,"GiP":0.002,"color":"#e53935","radius":24.2071104799},{"lat":37.2646841398,"lon":127.0297719831,"period_key":"afternoon","period_label":"오후","count":0.0,"local_sum":838.0,"local_n":8,"GiZ":2.3668158155,"GiP":0.006,"color":"#e53935","radius":21.3661971657},{"lat":37.264831619,"lon":127.0298570448,"period_key":"afternoon","period_label":"오후","count":0.0,"local_sum":840.0,"local_n":8,"GiZ":2.3727547195,"GiP":0.006,"color":"#e53935","radius":21.3895089482},{"lat":37.2646047107,"lon":127.0351986442,"period_key":"afternoon","period_label":"오후","count":0.0,"local_sum":1218.0,"local_n":8,"GiZ":3.4952075852,"GiP":0.002,"color":"#e53935","radius":25.5522748296},{"lat":37.2652756058,"lon":127.0124803989,"period_key":"afternoon","period_label":"오후","count":0.0,"local_sum":1121.0,"local_n":8,"GiZ":3.2071707387,"GiP":0.002,"color":"#e53935","radius":24.5240084162},{"lat":37.2649791959,"lon":127.0299114424,"period_key":"afternoon","period_label":"오후","count":1.0,"local_sum":946.0,"local_n":8,"GiZ":2.6845483093,"GiP":0.006,"color":"#e53935","radius":22.5981224942},{"lat":37.2649806142,"lon":127.0296461723,"period_key":"afternoon","period_label":"오후","count":0.0,"local_sum":946.0,"local_n":8,"GiZ":2.6875166342,"GiP":0.006,"color":"#e53935","radius":22.6028718142},{"lat":37.2649686581,"lon":127.0298941895,"period_key":"afternoon","period_label":"오후","count":0.0,"local_sum":946.0,"local_n":8,"GiZ":2.6875166342,"GiP":0.006,"color":"#e53935","radius":22.6028718142},{"lat":37.2649340547,"lon":127.0302620372,"period_key":"afternoon","period_label":"오후","count":0.0,"local_sum":836.0,"local_n":8,"GiZ":2.3608769114,"GiP":0.006,"color":"#e53935","radius":21.3428688941},{"lat":37.2733012265,"lon":126.9564753698,"period_key":"afternoon","period_label":"오후","count":0.0,"local_sum":1393.0,"local_n":8,"GiZ":4.0148616897,"GiP":0.002,"color":"#e53935","radius":27.3529447887},{"lat":37.2640589368,"lon":127.0349372939,"period_key":"afternoon","period_label":"오후","count":1.0,"local_sum":1251.0,"local_n":8,"GiZ":3.5902310184,"GiP":0.002,"color":"#e53935","radius":25.8921609764},{"lat":37.2733155491,"lon":126.9564645376,"period_key":"afternoon","period_label":"오후","count":1.0,"local_sum":1393.0,"local_n":8,"GiZ":4.0118931321,"GiP":0.002,"color":"#e53935","radius":27.3481950966},{"lat":37.2642890492,"lon":127.0352875588,"period_key":"afternoon","period_label":"오후","count":0.0,"local_sum":1157.0,"local_n":8,"GiZ":3.3140710116,"GiP":0.002,"color":"#e53935","radius":24.9083947},{"lat":37.2643001256,"lon":127.0353089839,"period_key":"afternoon","period_label":"오후","count":0.0,"local_sum":1157.0,"local_n":8,"GiZ":3.3140710116,"GiP":0.002,"color":"#e53935","radius":24.9083947},{"lat":37.264255955,"lon":127.0382716693,"period_key":"afternoon","period_label":"오후","count":0.0,"local_sum":616.0,"local_n":8,"GiZ":1.7075974658,"GiP":0.012,"color":"#e53935","radius":18.659894862},{"lat":37.2643718567,"lon":127.0311038398,"period_key":"afternoon","period_label":"오후","count":0.0,"local_sum":1059.0,"local_n":8,"GiZ":3.0230647131,"GiP":0.004,"color":"#e53935","radius":23.8538156172},{"lat":37.2731344538,"lon":126.9429262599,"period_key":"afternoon","period_label":"오후","count":0.0,"local_sum":692.0,"local_n":8,"GiZ":1.9332758197,"GiP":0.008,"color":"#e53935","radius":19.6155984619},{"lat":37.2734534351,"lon":126.9429530791,"period_key":"afternoon","period_label":"오후","count":1.0,"local_sum":699.0,"local_n":8,"GiZ":1.9510937875,"GiP":0.008,"color":"#e53935","radius":19.6971933131},{"lat":37.2639541844,"lon":127.0322604491,"period_key":"afternoon","period_label":"오후","count":0.0,"local_sum":527.0,"local_n":8,"GiZ":1.4433162355,"GiP":0.016,"color":"#e53935","radius":17.4918982034},{"lat":37.2639557067,"lon":127.0302486811,"period_key":"afternoon","period_label":"오후","count":0.0,"local_sum":1130.0,"local_n":8,"GiZ":3.233895807,"GiP":0.002,"color":"#e53935","radius":24.6204223423},{"lat":37.2734320516,"lon":126.9562147296,"period_key":"afternoon","period_label":"오후","count":1.0,"local_sum":1397.0,"local_n":8,"GiZ":4.0237709381,"GiP":0.002,"color":"#e53935","radius":27.3886187738},{"lat":37.2665117827,"lon":127.0309451935,"period_key":"afternoon","period_label":"오후","count":0.0,"local_sum":1069.0,"local_n":8,"GiZ":3.0527592334,"GiP":0.004,"color":"#e53935","radius":23.9626409528},{"lat":37.2668008142,"lon":127.0310316706,"period_key":"afternoon","period_label":"오후","count":0.0,"local_sum":1070.0,"local_n":8,"GiZ":3.0557286854,"GiP":0.004,"color":"#e53935","radius":23.9735076837},{"lat":37.2666857673,"lon":127.0302734484,"period_key":"afternoon","period_label":"오후","count":0.0,"local_sum":2678.0,"local_n":8,"GiZ":7.8306075426,"GiP":0.002,"color":"#e53935","radius":39.2287305209},{"lat":37.2667289193,"lon":127.0303044691,"period_key":"afternoon","period_label":"오후","count":1.0,"local_sum":2678.0,"local_n":8,"GiZ":7.8276383163,"GiP":0.002,"color":"#e53935","radius":39.2239797587},{"lat":37.2662618652,"lon":127.0118071707,"period_key":"afternoon","period_label":"오후","count":0.0,"local_sum":1145.0,"local_n":8,"GiZ":3.2784375873,"GiP":0.002,"color":"#e53935","radius":24.7806395923},{"lat":37.26630024,"lon":127.0305135413,"period_key":"afternoon","period_label":"오후","count":0.0,"local_sum":1074.0,"local_n":8,"GiZ":3.0676064935,"GiP":0.002,"color":"#e53935","radius":24.0169460762},{"lat":37.2664223257,"lon":127.0312257652,"period_key":"afternoon","period_label":"오후","count":0.0,"local_sum":1069.0,"local_n":8,"GiZ":3.0527592334,"GiP":0.004,"color":"#e53935","radius":23.9626409528},{"lat":37.2664398047,"lon":127.0312303948,"period_key":"afternoon","period_label":"오후","count":0.0,"local_sum":1069.0,"local_n":8,"GiZ":3.0527592334,"GiP":0.004,"color":"#e53935","radius":23.9626409528},{"lat":37.2671129195,"lon":127.0300439672,"period_key":"afternoon","period_label":"오후","count":1.0,"local_sum":1606.0,"local_n":8,"GiZ":4.6443863027,"GiP":0.002,"color":"#e53935","radius":29.4609900119},{"lat":37.2674065471,"lon":127.0301299924,"period_key":"afternoon","period_label":"오후","count":0.0,"local_sum":1614.0,"local_n":8,"GiZ":4.6711105874,"GiP":0.002,"color":"#e53935","radius":29.5436244811},{"lat":37.2668257372,"lon":127.0311682089,"period_key":"afternoon","period_label":"오후","count":0.0,"local_sum":1070.0,"local_n":8,"GiZ":3.0557286854,"GiP":0.004,"color":"#e53935","radius":23.9735076837},{"lat":37.2678590372,"lon":126.9961487494,"period_key":"afternoon","period_label":"오후","count":0.0,"local_sum":524.0,"local_n":8,"GiZ":1.4344078794,"GiP":0.016,"color":"#e53935","radius":17.4514711209},{"lat":37.2662190904,"lon":127.0161734359,"period_key":"afternoon","period_label":"오후","count":1.0,"local_sum":740.0,"local_n":8,"GiZ":2.0728412992,"GiP":0.008,"color":"#e53935","radius":20.1977224857},{"lat":37.2658176693,"lon":127.013337188,"period_key":"afternoon","period_label":"오후","count":0.0,"local_sum":1125.0,"local_n":8,"GiZ":3.2190485468,"GiP":0.002,"color":"#e53935","radius":24.5668855399},{"lat":37.2655112662,"lon":127.0189771919,"period_key":"afternoon","period_label":"오후","count":1.0,"local_sum":841.0,"local_n":8,"GiZ":2.3727559012,"GiP":0.006,"color":"#e53935","radius":21.396409442},{"lat":37.266067724,"lon":127.016110157,"period_key":"afternoon","period_label":"오후","count":0.0,"local_sum":740.0,"local_n":8,"GiZ":2.075809517,"GiP":0.008,"color":"#e53935","radius":20.2024716341},{"lat":37.2660648756,"lon":127.0165106048,"period_key":"afternoon","period_label":"오후","count":0.0,"local_sum":734.0,"local_n":8,"GiZ":2.0579928048,"GiP":0.008,"color":"#e53935","radius":20.129762235},{"lat":37.2659752778,"lon":127.0114612436,"period_key":"afternoon","period_label":"오후","count":0.0,"local_sum":1121.0,"local_n":8,"GiZ":3.2071707387,"GiP":0.002,"color":"#e53935","radius":24.5240084162},{"lat":37.2584191063,"lon":126.9643740663,"period_key":"afternoon","period_label":"오후","count":1.0,"local_sum":1570.0,"local_n":8,"GiZ":4.5374860485,"GiP":0.002,"color":"#e53935","radius":29.1092678825},{"lat":37.2578803148,"lon":126.9644814103,"period_key":"afternoon","period_label":"오후","count":0.0,"local_sum":1568.0,"local_n":8,"GiZ":4.5345157942,"GiP":0.002,"color":"#e53935","radius":29.0944171693},{"lat":37.2625973859,"lon":127.0357435664,"period_key":"afternoon","period_label":"오후","count":1.0,"local_sum":1824.0,"local_n":8,"GiZ":5.2917267308,"GiP":0.002,"color":"#e53935","radius":31.5500879726},{"lat":37.2627683218,"lon":127.0354164934,"period_key":"afternoon","period_label":"오후","count":0.0,"local_sum":1869.0,"local_n":8,"GiZ":5.4283208539,"GiP":0.002,"color":"#e53935","radius":31.9780864232},{"lat":37.259798286,"lon":126.9642194282,"period_key":"afternoon","period_label":"오후","count":0.0,"local_sum":1816.0,"local_n":8,"GiZ":5.2709398965,"GiP":0.002,"color":"#e53935","radius":31.4793244366},{"lat":37.2608360709,"lon":127.0307800877,"period_key":"afternoon","period_label":"오후","count":0.0,"local_sum":475.0,"local_n":8,"GiZ":1.2889047302,"GiP":0.018,"color":"#e53935","radius":16.7800454553},{"lat":37.2611876066,"lon":127.0295663371,"period_key":"afternoon","period_label":"오후","count":0.0,"local_sum":554.0,"local_n":8,"GiZ":1.5234914402,"GiP":0.016,"color":"#e53935","radius":17.8524681411},{"lat":37.2612778606,"lon":127.0254300204,"period_key":"afternoon","period_label":"오후","count":1.0,"local_sum":983.0,"local_n":8,"GiZ":2.794418015,"GiP":0.006,"color":"#e53935","radius":23.0122011492}]