[{"lat":37.2466728305,"lon":127.0590586622,"period_key":"evening","period_label":"저녁","count":455.0,"local_sum":1257.0,"local_n":8,"GiZ":1.6962177549,"GiP":0.008,"color":"#e53935","radius":22.8956267288},{"lat":37.2651419463,"lon":127.0298236843,"period_key":"evening","period_label":"저녁","count":316.0,"local_sum":2288.0,"local_n":8,"GiZ":4.2938759095,"GiP":0.002,"color":"#e53935","radius":32.0034186442},{"lat":37.2644930623,"lon":127.0349257699,"period_key":"evening","period_label":"저녁","count":264.0,"local_sum":1764.0,"local_n":8,"GiZ":3.2440113114,"GiP":0.004,"color":"#e53935","radius":27.9904180983},{"lat":37.261798203,"lon":127.0373595472,"period_key":"evening","period_label":"저녁","count":0.0,"local_sum":2732.0,"local_n":8,"GiZ":5.9760746242,"GiP":0.002,"color":"#e53935","radius":36.4691343514},{"lat":37.2465749413,"lon":127.0614313524,"period_key":"evening","period_label":"저녁","count":76.0,"local_sum":844.0,"local_n":8,"GiZ":1.616734715,"GiP":0.006,"color":"#e53935","radius":20.207446781},{"lat":37.2470582297,"lon":127.0607949303,"period_key":"evening","period_label":"저녁","count":74.0,"local_sum":1300.0,"local_n":8,"GiZ":2.6334072891,"GiP":0.004,"color":"#e53935","radius":24.6356567644},{"lat":37.2484746753,"lon":127.0625183171,"period_key":"evening","period_label":"저녁","count":2.0,"local_sum":819.0,"local_n":8,"GiZ":1.7253259175,"GiP":0.006,"color":"#e53935","radius":20.207791885},{"lat":37.2642540859,"lon":127.032463502,"period_key":"evening","period_label":"저녁","count":0.0,"local_sum":837.0,"local_n":8,"GiZ":1.7697180836,"GiP":0.006,"color":"#e53935","radius":20.4039298469},{"lat":37.2642451568,"lon":127.0328219991,"period_key":"evening","period_label":"저녁","count":7.0,"local_sum":834.0,"local_n":8,"GiZ":1.7475289306,"GiP":0.006,"color":"#e53935","radius":20.3476695515},{"lat":37.2468707748,"lon":127.0608680413,"period_key":"evening","period_label":"저녁","count":15.0,"local_sum":850.0,"local_n":8,"GiZ":1.7652979934,"GiP":0.006,"color":"#e53935","radius":20.4863805791},{"lat":37.2643464236,"lon":127.0350581673,"period_key":"evening","period_label":"저녁","count":3.0,"local_sum":1764.0,"local_n":8,"GiZ":3.8207358335,"GiP":0.004,"color":"#e53935","radius":28.9131773337},{"lat":37.2637484873,"lon":127.0322210167,"period_key":"evening","period_label":"저녁","count":0.0,"local_sum":787.0,"local_n":8,"GiZ":1.6587324229,"GiP":0.006,"color":"#e53935","radius":19.8753799879},{"lat":37.2672512302,"lon":127.0307427885,"period_key":"evening","period_label":"저녁","count":0.0,"local_sum":3032.0,"local_n":8,"GiZ":6.6419885885,"GiP":0.002,"color":"#e53935","radius":38.6526215782},{"lat":37.2699124819,"lon":127.0046507143,"period_key":"evening","period_label":"저녁","count":0.0,"local_sum":635.0,"local_n":8,"GiZ":1.3213360143,"GiP":0.006,"color":"#e53935","radius":18.1938201576},{"lat":37.24699673,"lon":127.0475018132,"period_key":"evening","period_label":"저녁","count":4.0,"local_sum":1050.0,"local_n":8,"GiZ":2.2336423602,"GiP":0.006,"color":"#e53935","radius":22.5353091731},{"lat":37.2639984095,"lon":127.0351648795,"period_key":"evening","period_label":"저녁","count":0.0,"local_sum":1501.0,"local_n":8,"GiZ":3.2436076577,"GiP":0.004,"color":"#e53935","radius":26.6868687546},{"lat":37.2583329016,"lon":126.9629871099,"period_key":"evening","period_label":"저녁","count":9.0,"local_sum":649.0,"local_n":8,"GiZ":1.3324452098,"GiP":0.006,"color":"#e53935","radius":18.3221036979},{"lat":37.2587962149,"lon":126.9635584142,"period_key":"evening","period_label":"저녁","count":5.0,"local_sum":1075.0,"local_n":8,"GiZ":2.2869166355,"GiP":0.004,"color":"#e53935","radius":22.7739436655},{"lat":37.2584726651,"lon":126.963314515,"period_key":"evening","period_label":"저녁","count":13.0,"local_sum":648.0,"local_n":8,"GiZ":1.3213520979,"GiP":0.006,"color":"#e53935","radius":18.2965010057},{"lat":37.2629366409,"lon":127.0359994079,"period_key":"evening","period_label":"저녁","count":7.0,"local_sum":2743.0,"local_n":8,"GiZ":5.9849605344,"GiP":0.002,"color":"#e53935","radius":36.5253998553},{"lat":37.2651954026,"lon":127.030082889,"period_key":"evening","period_label":"저녁","count":2.0,"local_sum":2288.0,"local_n":8,"GiZ":4.9860840805,"GiP":0.002,"color":"#e53935","radius":33.1109517178},{"lat":37.2722966146,"lon":126.9741761655,"period_key":"evening","period_label":"저녁","count":5.0,"local_sum":2099.0,"local_n":8,"GiZ":4.5599023725,"GiP":0.002,"color":"#e53935","radius":31.6217816984},{"lat":37.2643323457,"lon":127.0305861386,"period_key":"evening","period_label":"저녁","count":8.0,"local_sum":2035.0,"local_n":8,"GiZ":4.4111856393,"GiP":0.002,"color":"#e53935","radius":31.1022867327},{"lat":37.2656880718,"lon":127.0119062908,"period_key":"evening","period_label":"저녁","count":0.0,"local_sum":1536.0,"local_n":8,"GiZ":3.3212976202,"GiP":0.004,"color":"#e53935","radius":26.9908105461},{"lat":37.2657429136,"lon":127.0113099135,"period_key":"evening","period_label":"저녁","count":3.0,"local_sum":1547.0,"local_n":8,"GiZ":3.3390581723,"GiP":0.004,"color":"#e53935","radius":27.0752614271},{"lat":37.2630305559,"lon":127.0359126472,"period_key":"evening","period_label":"저녁","count":7.0,"local_sum":2741.0,"local_n":8,"GiZ":5.9805211089,"GiP":0.002,"color":"#e53935","radius":36.5106579546},{"lat":37.2462014759,"lon":127.05873279,"period_key":"evening","period_label":"저녁","count":7.0,"local_sum":1235.0,"local_n":8,"GiZ":2.6376337358,"GiP":0.004,"color":"#e53935","radius":24.2772406899},{"lat":37.2466969999,"lon":127.0588346136,"period_key":"evening","period_label":"저녁","count":4.0,"local_sum":1237.0,"local_n":8,"GiZ":2.6487286268,"GiP":0.004,"color":"#e53935","radius":24.3063701189},{"lat":37.2636342293,"lon":127.0322422749,"period_key":"evening","period_label":"저녁","count":2.0,"local_sum":785.0,"local_n":8,"GiZ":1.6498556809,"GiP":0.006,"color":"#e53935","radius":19.8469096703},{"lat":37.2637457865,"lon":127.0305116088,"period_key":"evening","period_label":"저녁","count":5.0,"local_sum":2024.0,"local_n":8,"GiZ":4.393423925,"GiP":0.002,"color":"#e53935","radius":31.0250332867},{"lat":37.2642655476,"lon":127.032395978,"period_key":"evening","period_label":"저녁","count":1.0,"local_sum":848.0,"local_n":8,"GiZ":1.7919162402,"GiP":0.006,"color":"#e53935","radius":20.5152418072},{"lat":37.2643308488,"lon":127.0350136292,"period_key":"evening","period_label":"저녁","count":2.0,"local_sum":1764.0,"local_n":8,"GiZ":3.822954552,"GiP":0.004,"color":"#e53935","radius":28.9167272832},{"lat":37.2648486658,"lon":127.0118595983,"period_key":"evening","period_label":"저녁","count":5.0,"local_sum":1558.0,"local_n":8,"GiZ":3.3590378377,"GiP":0.004,"color":"#e53935","radius":27.163064025},{"lat":37.2585075851,"lon":126.9626089361,"period_key":"evening","period_label":"저녁","count":6.0,"local_sum":633.0,"local_n":8,"GiZ":1.3035851478,"GiP":0.006,"color":"#e53935","radius":18.1495327368},{"lat":37.2669957522,"lon":127.03052115,"period_key":"evening","period_label":"저녁","count":4.0,"local_sum":4807.0,"local_n":8,"GiZ":10.5731028076,"GiP":0.002,"color":"#e53935","radius":40.0},{"lat":37.2673423271,"lon":127.0303878049,"period_key":"evening","period_label":"저녁","count":0.0,"local_sum":3037.0,"local_n":8,"GiZ":6.6530871545,"GiP":0.002,"color":"#e53935","radius":38.6885326208},{"lat":37.2672315631,"lon":127.0308368061,"period_key":"evening","period_label":"저녁","count":0.0,"local_sum":3032.0,"local_n":8,"GiZ":6.6419885885,"GiP":0.002,"color":"#e53935","radius":38.6526215782},{"lat":37.2695349631,"lon":127.0041828033,"period_key":"evening","period_label":"저녁","count":0.0,"local_sum":636.0,"local_n":8,"GiZ":1.3235557275,"GiP":0.006,"color":"#e53935","radius":18.2053053344},{"lat":37.2720552329,"lon":126.9746261116,"period_key":"evening","period_label":"저녁","count":4.0,"local_sum":2090.0,"local_n":8,"GiZ":4.5421435221,"GiP":0.002,"color":"#e53935","radius":31.5540367564},{"lat":37.2674060965,"lon":127.0301304431,"period_key":"evening","period_label":"저녁","count":0.0,"local_sum":3037.0,"local_n":8,"GiZ":6.6530871545,"GiP":0.002,"color":"#e53935","radius":38.6885326208},{"lat":37.2698638395,"lon":127.0042842916,"period_key":"evening","period_label":"저녁","count":0.0,"local_sum":636.0,"local_n":8,"GiZ":1.3235557275,"GiP":0.006,"color":"#e53935","radius":18.2053053344},{"lat":37.2588413407,"lon":126.9626383059,"period_key":"evening","period_label":"저녁","count":0.0,"local_sum":633.0,"local_n":8,"GiZ":1.3168965879,"GiP":0.006,"color":"#e53935","radius":18.170831041},{"lat":37.2649777536,"lon":127.0299140348,"period_key":"evening","period_label":"저녁","count":5.0,"local_sum":2282.0,"local_n":8,"GiZ":4.9661097845,"GiP":0.002,"color":"#e53935","radius":33.0538891152},{"lat":37.2648566632,"lon":127.0302310035,"period_key":"evening","period_label":"저녁","count":1.0,"local_sum":1967.0,"local_n":8,"GiZ":4.2757750915,"GiP":0.002,"color":"#e53935","radius":30.5815896357},{"lat":37.2658592733,"lon":127.0118712561,"period_key":"evening","period_label":"저녁","count":2.0,"local_sum":1546.0,"local_n":8,"GiZ":3.3390571527,"GiP":0.004,"color":"#e53935","radius":27.0701740454},{"lat":37.2660059904,"lon":127.0115940545,"period_key":"evening","period_label":"저녁","count":3.0,"local_sum":1547.0,"local_n":8,"GiZ":3.3390581723,"GiP":0.004,"color":"#e53935","radius":27.0752614271},{"lat":37.2660743868,"lon":127.0124102944,"period_key":"evening","period_label":"저녁","count":0.0,"local_sum":1533.0,"local_n":8,"GiZ":3.3146384806,"GiP":0.004,"color":"#e53935","radius":26.9648391293},{"lat":37.2583058286,"lon":126.9622838177,"period_key":"evening","period_label":"저녁","count":3.0,"local_sum":638.0,"local_n":8,"GiZ":1.3213393056,"GiP":0.006,"color":"#e53935","radius":18.2176076412},{"lat":37.2466973119,"lon":127.0594727777,"period_key":"evening","period_label":"저녁","count":2.0,"local_sum":1257.0,"local_n":8,"GiZ":2.6975601417,"GiP":0.004,"color":"#e53935","radius":24.4977745477},{"lat":37.2622142175,"lon":127.0355943522,"period_key":"evening","period_label":"저녁","count":5.0,"local_sum":2708.0,"local_n":8,"GiZ":5.9117073665,"GiP":0.002,"color":"#e53935","radius":36.2741107164},{"lat":37.2625852806,"lon":127.0358470502,"period_key":"evening","period_label":"저녁","count":1.0,"local_sum":2722.0,"local_n":8,"GiZ":5.9516584094,"GiP":0.002,"color":"#e53935","radius":36.3917693923},{"lat":37.2626194341,"lon":127.0352334568,"period_key":"evening","period_label":"저녁","count":0.0,"local_sum":2818.0,"local_n":8,"GiZ":6.1669699607,"GiP":0.002,"color":"#e53935","radius":37.101087041},{"lat":37.264227942,"lon":127.0325130947,"period_key":"evening","period_label":"저녁","count":1.0,"local_sum":833.0,"local_n":8,"GiZ":1.7586205451,"GiP":0.006,"color":"#e53935","radius":20.358488624},{"lat":37.2636892784,"lon":127.0329139754,"period_key":"evening","period_label":"저녁","count":0.0,"local_sum":788.0,"local_n":8,"GiZ":1.6609521361,"GiP":0.006,"color":"#e53935","radius":19.8860584958},{"lat":37.246244762,"lon":127.0584779879,"period_key":"evening","period_label":"저녁","count":2.0,"local_sum":1235.0,"local_n":8,"GiZ":2.6487264592,"GiP":0.004,"color":"#e53935","radius":24.2949890474},{"lat":37.2639738963,"lon":127.032005562,"period_key":"evening","period_label":"저녁","count":1.0,"local_sum":791.0,"local_n":8,"GiZ":1.665392599,"GiP":0.006,"color":"#e53935","radius":19.9145170467},{"lat":37.2638250506,"lon":127.0329672456,"period_key":"evening","period_label":"저녁","count":2.0,"local_sum":794.0,"local_n":8,"GiZ":1.6698330965,"GiP":0.006,"color":"#e53935","radius":19.9429351972},{"lat":37.2512521437,"lon":127.0756464781,"period_key":"evening","period_label":"저녁","count":1.0,"local_sum":619.0,"local_n":8,"GiZ":1.2836019623,"GiP":0.006,"color":"#e53935","radius":18.0056473834},{"lat":37.2514152237,"lon":127.0753779238,"period_key":"evening","period_label":"저녁","count":2.0,"local_sum":632.0,"local_n":8,"GiZ":1.3102396163,"GiP":0.006,"color":"#e53935","radius":18.152227458},{"lat":37.2672517143,"lon":127.0313024331,"period_key":"evening","period_label":"저녁","count":0.0,"local_sum":1780.0,"local_n":8,"GiZ":3.8629076444,"GiP":0.002,"color":"#e53935","radius":29.0566707189},{"lat":37.2467903895,"lon":127.0615885324,"period_key":"evening","period_label":"저녁","count":1.0,"local_sum":845.0,"local_n":8,"GiZ":1.7852571012,"GiP":0.006,"color":"#e53935","radius":20.4839648449},{"lat":37.2467001185,"lon":127.0490188162,"period_key":"evening","period_label":"저녁","count":0.0,"local_sum":1039.0,"local_n":8,"GiZ":2.2181001528,"GiP":0.006,"color":"#e53935","radius":22.4423694135},{"lat":37.2459482511,"lon":127.0501796814,"period_key":"evening","period_label":"저녁","count":1.0,"local_sum":1038.0,"local_n":8,"GiZ":2.2136617109,"GiP":0.006,"color":"#e53935","radius":22.4290616924},{"lat":37.2454072648,"lon":127.0486657661,"period_key":"evening","period_label":"저녁","count":0.0,"local_sum":1046.0,"local_n":8,"GiZ":2.2336381453,"GiP":0.006,"color":"#e53935","radius":22.5105903355},{"lat":37.2462413557,"lon":127.0582594419,"period_key":"evening","period_label":"저녁","count":0.0,"local_sum":765.0,"local_n":8,"GiZ":1.6098987322,"GiP":0.006,"color":"#e53935","radius":19.6392913202},{"lat":37.2463254629,"lon":127.0476980699,"period_key":"evening","period_label":"저녁","count":1.0,"local_sum":1049.0,"local_n":8,"GiZ":2.238078554,"GiP":0.006,"color":"#e53935","radius":22.5362334789},{"lat":37.2646841398,"lon":127.0297719831,"period_key":"evening","period_label":"저녁","count":0.0,"local_sum":1962.0,"local_n":8,"GiZ":4.2668954494,"GiP":0.002,"color":"#e53935","radius":30.5448203913},{"lat":37.2722759848,"lon":126.9746113802,"period_key":"evening","period_label":"저녁","count":1.0,"local_sum":2094.0,"local_n":8,"GiZ":4.557678643,"GiP":0.002,"color":"#e53935","radius":31.5963837307},{"lat":37.264831619,"lon":127.0298570448,"period_key":"evening","period_label":"저녁","count":1.0,"local_sum":1964.0,"local_n":8,"GiZ":4.2691159525,"GiP":0.002,"color":"#e53935","radius":30.557401369},{"lat":37.2724060154,"lon":126.9746601566,"period_key":"evening","period_label":"저녁","count":0.0,"local_sum":2099.0,"local_n":8,"GiZ":4.5709961597,"GiP":0.002,"color":"#e53935","radius":31.6395317579},{"lat":37.2646047107,"lon":127.0351986442,"period_key":"evening","period_label":"저녁","count":1.0,"local_sum":1767.0,"local_n":8,"GiZ":3.8318324908,"GiP":0.004,"color":"#e53935","radius":28.9452116308},{"lat":37.2652756058,"lon":127.0124803989,"period_key":"evening","period_label":"저녁","count":1.0,"local_sum":1538.0,"local_n":8,"GiZ":3.3235182129,"GiP":0.004,"color":"#e53935","radius":27.0045663815},{"lat":37.2717181946,"lon":126.9743984752,"period_key":"evening","period_label":"저녁","count":1.0,"local_sum":2095.0,"local_n":8,"GiZ":4.559898356,"GiP":0.002,"color":"#e53935","radius":31.6043053558},{"lat":37.2649791959,"lon":127.0299114424,"period_key":"evening","period_label":"저녁","count":0.0,"local_sum":2282.0,"local_n":8,"GiZ":4.9772036779,"GiP":0.002,"color":"#e53935","radius":33.0716393446},{"lat":37.2649806142,"lon":127.0296461723,"period_key":"evening","period_label":"저녁","count":0.0,"local_sum":2279.0,"local_n":8,"GiZ":4.9705445383,"GiP":0.002,"color":"#e53935","radius":33.0484204809},{"lat":37.2720191185,"lon":126.974289008,"period_key":"evening","period_label":"저녁","count":2.0,"local_sum":2096.0,"local_n":8,"GiZ":4.5598992151,"GiP":0.002,"color":"#e53935","radius":31.6086757718},{"lat":37.2649686581,"lon":127.0298941895,"period_key":"evening","period_label":"저녁","count":0.0,"local_sum":2282.0,"local_n":8,"GiZ":4.9772036779,"GiP":0.002,"color":"#e53935","radius":33.0716393446},{"lat":37.2720185779,"lon":126.9742890082,"period_key":"evening","period_label":"저녁","count":0.0,"local_sum":2096.0,"local_n":8,"GiZ":4.5643370201,"GiP":0.002,"color":"#e53935","radius":31.6157762598},{"lat":37.2719742315,"lon":126.9750605555,"period_key":"evening","period_label":"저녁","count":0.0,"local_sum":2093.0,"local_n":8,"GiZ":4.5576778804,"GiP":0.002,"color":"#e53935","radius":31.5920113826},{"lat":37.2649340547,"lon":127.0302620372,"period_key":"evening","period_label":"저녁","count":0.0,"local_sum":1972.0,"local_n":8,"GiZ":4.2890925815,"GiP":0.002,"color":"#e53935","radius":30.6254307794},{"lat":37.2720911659,"lon":126.9741243716,"period_key":"evening","period_label":"저녁","count":1.0,"local_sum":2105.0,"local_n":8,"GiZ":4.5820954861,"GiP":0.002,"color":"#e53935","radius":31.6834643728},{"lat":37.2720803149,"lon":126.9739484888,"period_key":"evening","period_label":"저녁","count":1.0,"local_sum":2105.0,"local_n":8,"GiZ":4.5820954861,"GiP":0.002,"color":"#e53935","radius":31.6834643728},{"lat":37.2640589368,"lon":127.0349372939,"period_key":"evening","period_label":"저녁","count":0.0,"local_sum":1878.0,"local_n":8,"GiZ":4.0804395394,"GiP":0.002,"color":"#e53935","radius":29.8630622071},{"lat":37.2642890492,"lon":127.0352875588,"period_key":"evening","period_label":"저녁","count":0.0,"local_sum":1508.0,"local_n":8,"GiZ":3.2591456502,"GiP":0.004,"color":"#e53935","radius":26.7478233115},{"lat":37.2643001256,"lon":127.0353089839,"period_key":"evening","period_label":"저녁","count":1.0,"local_sum":1509.0,"local_n":8,"GiZ":3.2591465358,"GiP":0.004,"color":"#e53935","radius":26.7529741369},{"lat":37.2643718567,"lon":127.0311038398,"period_key":"evening","period_label":"저녁","count":0.0,"local_sum":2048.0,"local_n":8,"GiZ":4.4577907858,"GiP":0.002,"color":"#e53935","radius":31.2343988557},{"lat":37.2639541844,"lon":127.0322604491,"period_key":"evening","period_label":"저녁","count":1.0,"local_sum":786.0,"local_n":8,"GiZ":1.654294034,"GiP":0.006,"color":"#e53935","radius":19.8611470694},{"lat":37.2639557067,"lon":127.0302486811,"period_key":"evening","period_label":"저녁","count":0.0,"local_sum":2036.0,"local_n":8,"GiZ":4.4311542272,"GiP":0.002,"color":"#e53935","radius":31.1386694399},{"lat":37.2665117827,"lon":127.0309451935,"period_key":"evening","period_label":"저녁","count":0.0,"local_sum":1778.0,"local_n":8,"GiZ":3.858468218,"GiP":0.002,"color":"#e53935","radius":29.0400840627},{"lat":37.2668008142,"lon":127.0310316706,"period_key":"evening","period_label":"저녁","count":1.0,"local_sum":1781.0,"local_n":8,"GiZ":3.8629084728,"GiP":0.002,"color":"#e53935","radius":29.0614118333},{"lat":37.2666857673,"lon":127.0302734484,"period_key":"evening","period_label":"저녁","count":1.0,"local_sum":4808.0,"local_n":8,"GiZ":10.5819797355,"GiP":0.002,"color":"#e53935","radius":40.0},{"lat":37.2667289193,"lon":127.0303044691,"period_key":"evening","period_label":"저녁","count":0.0,"local_sum":4808.0,"local_n":8,"GiZ":10.5841992567,"GiP":0.002,"color":"#e53935","radius":40.0},{"lat":37.2662618652,"lon":127.0118071707,"period_key":"evening","period_label":"저녁","count":0.0,"local_sum":1558.0,"local_n":8,"GiZ":3.3701313109,"GiP":0.004,"color":"#e53935","radius":27.1808135823},{"lat":37.26630024,"lon":127.0305135413,"period_key":"evening","period_label":"저녁","count":0.0,"local_sum":1794.0,"local_n":8,"GiZ":3.8939836294,"GiP":0.002,"color":"#e53935","radius":29.1726286747},{"lat":37.2664223257,"lon":127.0312257652,"period_key":"evening","period_label":"저녁","count":0.0,"local_sum":1778.0,"local_n":8,"GiZ":3.858468218,"GiP":0.002,"color":"#e53935","radius":29.0400840627},{"lat":37.2664398047,"lon":127.0312303948,"period_key":"evening","period_label":"저녁","count":1.0,"local_sum":1778.0,"local_n":8,"GiZ":3.8562493338,"GiP":0.002,"color":"#e53935","radius":29.0365338479},{"lat":37.2671129195,"lon":127.0300439672,"period_key":"evening","period_label":"저녁","count":0.0,"local_sum":3031.0,"local_n":8,"GiZ":6.6397688753,"GiP":0.002,"color":"#e53935","radius":38.645437574},{"lat":37.2674065471,"lon":127.0301299924,"period_key":"evening","period_label":"저녁","count":0.0,"local_sum":3037.0,"local_n":8,"GiZ":6.6530871545,"GiP":0.002,"color":"#e53935","radius":38.6885326208},{"lat":37.2668257372,"lon":127.0311682089,"period_key":"evening","period_label":"저녁","count":0.0,"local_sum":1781.0,"local_n":8,"GiZ":3.8651273577,"GiP":0.002,"color":"#e53935","radius":29.0649620491},{"lat":37.2662190904,"lon":127.0161734359,"period_key":"evening","period_label":"저녁","count":0.0,"local_sum":1416.0,"local_n":8,"GiZ":3.0549320345,"GiP":0.004,"color":"#e53935","radius":25.939801433},{"lat":37.2658176693,"lon":127.013337188,"period_key":"evening","period_label":"저녁","count":0.0,"local_sum":1532.0,"local_n":8,"GiZ":3.3124187674,"GiP":0.004,"color":"#e53935","radius":26.9561786604},{"lat":37.2655112662,"lon":127.0189771919,"period_key":"evening","period_label":"저녁","count":0.0,"local_sum":1414.0,"local_n":8,"GiZ":3.0504926081,"GiP":0.004,"color":"#e53935","radius":25.9220647145},{"lat":37.266067724,"lon":127.016110157,"period_key":"evening","period_label":"저녁","count":0.0,"local_sum":1416.0,"local_n":8,"GiZ":3.0549320345,"GiP":0.004,"color":"#e53935","radius":25.939801433},{"lat":37.2696520964,"lon":127.0042391819,"period_key":"evening","period_label":"저녁","count":0.0,"local_sum":636.0,"local_n":8,"GiZ":1.3235557275,"GiP":0.006,"color":"#e53935","radius":18.2053053344},{"lat":37.269636316,"lon":127.0045678303,"period_key":"evening","period_label":"저녁","count":0.0,"local_sum":636.0,"local_n":8,"GiZ":1.3235557275,"GiP":0.006,"color":"#e53935","radius":18.2053053344},{"lat":37.2660648756,"lon":127.0165106048,"period_key":"evening","period_label":"저녁","count":0.0,"local_sum":1414.0,"local_n":8,"GiZ":3.0504926081,"GiP":0.004,"color":"#e53935","radius":25.9220647145},{"lat":37.2695349487,"lon":127.0045717702,"period_key":"evening","period_label":"저녁","count":1.0,"local_sum":636.0,"local_n":8,"GiZ":1.3213370834,"GiP":0.006,"color":"#e53935","radius":18.2017555038},{"lat":37.2659752778,"lon":127.0114612436,"period_key":"evening","period_label":"저녁","count":0.0,"local_sum":1547.0,"local_n":8,"GiZ":3.3457144656,"GiP":0.004,"color":"#e53935","radius":27.0859114963},{"lat":37.2625973859,"lon":127.0357435664,"period_key":"evening","period_label":"저녁","count":2.0,"local_sum":2722.0,"local_n":8,"GiZ":5.9494394534,"GiP":0.002,"color":"#e53935","radius":36.3882190626},{"lat":37.2627683218,"lon":127.0354164934,"period_key":"evening","period_label":"저녁","count":0.0,"local_sum":2812.0,"local_n":8,"GiZ":6.1536516814,"GiP":0.002,"color":"#e53935","radius":37.0571604239}]