[{"lat":37.2592281779,"lon":126.9917296617,"period_key":"lunch","period_label":"점심","count":52.0,"local_sum":506.0,"local_n":8,"GiZ":1.76809973,"GiP":0.004,"color":"#e53935","radius":17.8267370713},{"lat":37.2964135097,"lon":126.982250034,"period_key":"lunch","period_label":"점심","count":165.0,"local_sum":629.0,"local_n":8,"GiZ":1.8126590136,"GiP":0.002,"color":"#e53935","radius":18.9322033849},{"lat":37.260885803,"lon":127.0259101232,"period_key":"lunch","period_label":"점심","count":10.0,"local_sum":389.0,"local_n":8,"GiZ":1.4480866497,"GiP":0.014,"color":"#e53935","radius":16.2061718088},{"lat":37.2651419463,"lon":127.0298236843,"period_key":"lunch","period_label":"점심","count":102.0,"local_sum":493.0,"local_n":8,"GiZ":1.5000117454,"GiP":0.01,"color":"#e53935","radius":17.2814601171},{"lat":37.2772906186,"lon":127.0314633198,"period_key":"lunch","period_label":"점심","count":98.0,"local_sum":459.0,"local_n":8,"GiZ":1.372008574,"GiP":0.016,"color":"#e53935","radius":16.7649278327},{"lat":37.259884642,"lon":126.9925485708,"period_key":"lunch","period_label":"점심","count":49.0,"local_sum":504.0,"local_n":8,"GiZ":1.7723377845,"GiP":0.004,"color":"#e53935","radius":17.8157181835},{"lat":37.2644930623,"lon":127.0349257699,"period_key":"lunch","period_label":"점심","count":63.0,"local_sum":632.0,"local_n":8,"GiZ":2.2585758636,"GiP":0.002,"color":"#e53935","radius":19.6695654537},{"lat":37.2530420315,"lon":127.0742795157,"period_key":"lunch","period_label":"점심","count":109.0,"local_sum":524.0,"local_n":8,"GiZ":1.6024786601,"GiP":0.01,"color":"#e53935","radius":17.7203843699},{"lat":37.2780394131,"lon":127.0185146514,"period_key":"lunch","period_label":"점심","count":65.0,"local_sum":486.0,"local_n":8,"GiZ":1.627509517,"GiP":0.01,"color":"#e53935","radius":17.4221783012},{"lat":37.2906295432,"lon":127.0695926251,"period_key":"lunch","period_label":"점심","count":31.0,"local_sum":455.0,"local_n":8,"GiZ":1.6400359253,"GiP":0.01,"color":"#e53935","radius":17.1563490836},{"lat":37.261798203,"lon":127.0373595472,"period_key":"lunch","period_label":"점심","count":58.0,"local_sum":1224.0,"local_n":8,"GiZ":4.8041243219,"GiP":0.002,"color":"#e53935","radius":27.6808834627},{"lat":37.2616850106,"lon":127.0298120626,"period_key":"lunch","period_label":"점심","count":11.0,"local_sum":367.0,"local_n":8,"GiZ":1.3500282038,"GiP":0.014,"color":"#e53935","radius":15.8229427504},{"lat":37.2422236758,"lon":127.0562299437,"period_key":"lunch","period_label":"점심","count":53.0,"local_sum":395.0,"local_n":8,"GiZ":1.2905498622,"GiP":0.016,"color":"#e53935","radius":16.0147225452},{"lat":37.264853931,"lon":127.0333588916,"period_key":"lunch","period_label":"점심","count":39.0,"local_sum":398.0,"local_n":8,"GiZ":1.3629430017,"GiP":0.014,"color":"#e53935","radius":16.1606837401},{"lat":37.277751177,"lon":127.0184725227,"period_key":"lunch","period_label":"점심","count":38.0,"local_sum":503.0,"local_n":8,"GiZ":1.8148908395,"GiP":0.002,"color":"#e53935","radius":17.87488994},{"lat":37.2903814721,"lon":127.0546902941,"period_key":"lunch","period_label":"점심","count":114.0,"local_sum":622.0,"local_n":8,"GiZ":1.9992501572,"GiP":0.002,"color":"#e53935","radius":19.1747713821},{"lat":37.251709809,"lon":127.0771438231,"period_key":"lunch","period_label":"점심","count":44.0,"local_sum":423.0,"local_n":8,"GiZ":1.4482497077,"GiP":0.012,"color":"#e53935","radius":16.5439850528},{"lat":37.2546257059,"lon":127.0726818866,"period_key":"lunch","period_label":"점심","count":38.0,"local_sum":446.0,"local_n":8,"GiZ":1.5718591259,"GiP":0.01,"color":"#e53935","radius":16.9624594343},{"lat":37.258276325,"lon":126.9932949836,"period_key":"lunch","period_label":"점심","count":13.0,"local_sum":417.0,"local_n":8,"GiZ":1.5546843333,"GiP":0.01,"color":"#e53935","radius":16.655726076},{"lat":37.2779464053,"lon":127.0186447497,"period_key":"lunch","period_label":"점심","count":1.0,"local_sum":522.0,"local_n":8,"GiZ":2.053487285,"GiP":0.002,"color":"#e53935","radius":18.4245073831},{"lat":37.2950841369,"lon":127.0321880233,"period_key":"lunch","period_label":"점심","count":9.0,"local_sum":452.0,"local_n":8,"GiZ":1.720950046,"GiP":0.01,"color":"#e53935","radius":17.2576367238},{"lat":37.2777402889,"lon":127.0183792706,"period_key":"lunch","period_label":"점심","count":29.0,"local_sum":503.0,"local_n":8,"GiZ":1.8532063238,"GiP":0.002,"color":"#e53935","radius":17.9361947148},{"lat":37.260810239,"lon":127.0253391147,"period_key":"lunch","period_label":"점심","count":12.0,"local_sum":390.0,"local_n":8,"GiZ":1.4438290749,"GiP":0.012,"color":"#e53935","radius":16.2094935831},{"lat":37.2909463999,"lon":127.0506939232,"period_key":"lunch","period_label":"점심","count":29.0,"local_sum":925.0,"local_n":8,"GiZ":3.6524575333,"GiP":0.002,"color":"#e53935","radius":24.0094571139},{"lat":37.2644592222,"lon":127.0365863622,"period_key":"lunch","period_label":"점심","count":5.0,"local_sum":548.0,"local_n":8,"GiZ":2.1472929246,"GiP":0.002,"color":"#e53935","radius":18.7994286079},{"lat":37.2958765335,"lon":126.9825321184,"period_key":"lunch","period_label":"점심","count":18.0,"local_sum":481.0,"local_n":8,"GiZ":1.8062522936,"GiP":0.002,"color":"#e53935","radius":17.6626885495},{"lat":37.258509145,"lon":127.0320732535,"period_key":"lunch","period_label":"점심","count":13.0,"local_sum":561.0,"local_n":8,"GiZ":2.168634472,"GiP":0.002,"color":"#e53935","radius":18.943990581},{"lat":37.2781457396,"lon":127.0211792349,"period_key":"lunch","period_label":"점심","count":14.0,"local_sum":355.0,"local_n":8,"GiZ":1.2860843048,"GiP":0.014,"color":"#e53935","radius":15.5943123603},{"lat":37.2608252916,"lon":127.0329985174,"period_key":"lunch","period_label":"점심","count":6.0,"local_sum":349.0,"local_n":8,"GiZ":1.294588929,"GiP":0.014,"color":"#e53935","radius":15.5439589633},{"lat":37.2777364897,"lon":127.0184746615,"period_key":"lunch","period_label":"점심","count":13.0,"local_sum":503.0,"local_n":8,"GiZ":1.9213489995,"GiP":0.002,"color":"#e53935","radius":18.0452229959},{"lat":37.277942106,"lon":127.0184811389,"period_key":"lunch","period_label":"점심","count":4.0,"local_sum":536.0,"local_n":8,"GiZ":2.1003918507,"GiP":0.002,"color":"#e53935","radius":18.6212964833},{"lat":37.2628692236,"lon":127.0329722402,"period_key":"lunch","period_label":"점심","count":13.0,"local_sum":663.0,"local_n":8,"GiZ":2.6035158202,"GiP":0.002,"color":"#e53935","radius":20.4651398639},{"lat":37.2957385576,"lon":127.0311887054,"period_key":"lunch","period_label":"점심","count":9.0,"local_sum":439.0,"local_n":8,"GiZ":1.6655240973,"GiP":0.01,"color":"#e53935","radius":17.0457692915},{"lat":37.2643464236,"lon":127.0350581673,"period_key":"lunch","period_label":"점심","count":8.0,"local_sum":633.0,"local_n":8,"GiZ":2.4969103347,"GiP":0.002,"color":"#e53935","radius":20.0588530359},{"lat":37.2646484325,"lon":127.0338906929,"period_key":"lunch","period_label":"점심","count":2.0,"local_sum":417.0,"local_n":8,"GiZ":1.6015545142,"GiP":0.01,"color":"#e53935","radius":16.7307183654},{"lat":37.2477134274,"lon":127.0432525888,"period_key":"lunch","period_label":"점심","count":8.0,"local_sum":1091.0,"local_n":8,"GiZ":4.4496085962,"GiP":0.002,"color":"#e53935","radius":26.3314894058},{"lat":37.2959712669,"lon":127.0302575484,"period_key":"lunch","period_label":"점심","count":3.0,"local_sum":431.0,"local_n":8,"GiZ":1.6569824254,"GiP":0.01,"color":"#e53935","radius":16.9553876774},{"lat":37.2527952425,"lon":127.0748409524,"period_key":"lunch","period_label":"점심","count":18.0,"local_sum":461.0,"local_n":8,"GiZ":1.720981088,"GiP":0.01,"color":"#e53935","radius":17.3419339623},{"lat":37.2585135898,"lon":127.0322957797,"period_key":"lunch","period_label":"점심","count":0.0,"local_sum":592.0,"local_n":8,"GiZ":2.3561967415,"GiP":0.002,"color":"#e53935","radius":19.5023348349},{"lat":37.2523037888,"lon":127.0740198769,"period_key":"lunch","period_label":"점심","count":12.0,"local_sum":543.0,"local_n":8,"GiZ":2.0961507103,"GiP":0.002,"color":"#e53935","radius":18.6747852946},{"lat":37.2672512302,"lon":127.0307427885,"period_key":"lunch","period_label":"점심","count":13.0,"local_sum":700.0,"local_n":8,"GiZ":2.7612668974,"GiP":0.002,"color":"#e53935","radius":21.0010322802},{"lat":37.2632761837,"lon":127.0331182963,"period_key":"lunch","period_label":"점심","count":4.0,"local_sum":448.0,"local_n":8,"GiZ":1.7252010452,"GiP":0.008,"color":"#e53935","radius":17.2267258677},{"lat":37.295875002,"lon":126.9825343745,"period_key":"lunch","period_label":"점심","count":21.0,"local_sum":481.0,"local_n":8,"GiZ":1.793474632,"GiP":0.002,"color":"#e53935","radius":17.642244291},{"lat":37.2961233973,"lon":126.9823944653,"period_key":"lunch","period_label":"점심","count":7.0,"local_sum":549.0,"local_n":8,"GiZ":2.1430343426,"GiP":0.002,"color":"#e53935","radius":18.8011545593},{"lat":37.2639984095,"lon":127.0351648795,"period_key":"lunch","period_label":"점심","count":6.0,"local_sum":571.0,"local_n":8,"GiZ":2.2410930184,"GiP":0.002,"color":"#e53935","radius":19.1439913457},{"lat":37.2646465409,"lon":127.0338886628,"period_key":"lunch","period_label":"점심","count":5.0,"local_sum":417.0,"local_n":8,"GiZ":1.5887702666,"GiP":0.01,"color":"#e53935","radius":16.7102635692},{"lat":37.2587962149,"lon":126.9635584142,"period_key":"lunch","period_label":"점심","count":0.0,"local_sum":852.0,"local_n":8,"GiZ":3.4647160434,"GiP":0.002,"color":"#e53935","radius":23.2191612849},{"lat":37.2596722506,"lon":126.9642873509,"period_key":"lunch","period_label":"점심","count":1.0,"local_sum":939.0,"local_n":8,"GiZ":3.831381089,"GiP":0.002,"color":"#e53935","radius":24.3874524993},{"lat":37.2524887687,"lon":127.0778209289,"period_key":"lunch","period_label":"점심","count":5.0,"local_sum":380.0,"local_n":8,"GiZ":1.4310195922,"GiP":0.012,"color":"#e53935","radius":16.0870668233},{"lat":37.2525816527,"lon":127.0734700814,"period_key":"lunch","period_label":"점심","count":7.0,"local_sum":802.0,"local_n":8,"GiZ":3.2217080553,"GiP":0.002,"color":"#e53935","radius":22.4825746953},{"lat":37.2522786192,"lon":127.0767566522,"period_key":"lunch","period_label":"점심","count":0.0,"local_sum":435.0,"local_n":8,"GiZ":1.6868216246,"GiP":0.01,"color":"#e53935","radius":17.0415760452},{"lat":37.2858023918,"lon":127.0504365182,"period_key":"lunch","period_label":"점심","count":1.0,"local_sum":389.0,"local_n":8,"GiZ":1.4864372228,"GiP":0.012,"color":"#e53935","radius":16.2675327259},{"lat":37.2481644702,"lon":127.0428120293,"period_key":"lunch","period_label":"점심","count":9.0,"local_sum":1092.0,"local_n":8,"GiZ":4.4496121364,"GiP":0.002,"color":"#e53935","radius":26.3375487317},{"lat":37.2550032218,"lon":127.0368993277,"period_key":"lunch","period_label":"점심","count":4.0,"local_sum":381.0,"local_n":8,"GiZ":1.4395444092,"GiP":0.012,"color":"#e53935","radius":16.1109595731},{"lat":37.2584902389,"lon":127.0323463844,"period_key":"lunch","period_label":"점심","count":0.0,"local_sum":592.0,"local_n":8,"GiZ":2.3561967415,"GiP":0.002,"color":"#e53935","radius":19.5023348349},{"lat":37.2658500201,"lon":127.0796430014,"period_key":"lunch","period_label":"점심","count":5.0,"local_sum":590.0,"local_n":8,"GiZ":2.3263612577,"GiP":0.002,"color":"#e53935","radius":19.4381442535},{"lat":37.2629366409,"lon":127.0359994079,"period_key":"lunch","period_label":"점심","count":4.0,"local_sum":1011.0,"local_n":8,"GiZ":4.1255694939,"GiP":0.002,"color":"#e53935","radius":25.3194016667},{"lat":37.2651954026,"lon":127.030082889,"period_key":"lunch","period_label":"점심","count":1.0,"local_sum":492.0,"local_n":8,"GiZ":1.925581256,"GiP":0.002,"color":"#e53935","radius":17.9533592147},{"lat":37.2628699444,"lon":127.032972466,"period_key":"lunch","period_label":"점심","count":4.0,"local_sum":663.0,"local_n":8,"GiZ":2.6418603995,"GiP":0.002,"color":"#e53935","radius":20.5264911908},{"lat":37.2896320517,"lon":127.0579658361,"period_key":"lunch","period_label":"점심","count":5.0,"local_sum":651.0,"local_n":8,"GiZ":2.5864366939,"GiP":0.002,"color":"#e53935","radius":20.3441793679},{"lat":37.2784549185,"lon":127.0182841645,"period_key":"lunch","period_label":"점심","count":3.0,"local_sum":359.0,"local_n":8,"GiZ":1.3500080959,"GiP":0.014,"color":"#e53935","radius":15.738931082},{"lat":37.2920270963,"lon":127.057420364,"period_key":"lunch","period_label":"점심","count":0.0,"local_sum":533.0,"local_n":8,"GiZ":2.1046481307,"GiP":0.002,"color":"#e53935","radius":18.6021541136},{"lat":37.2590949698,"lon":127.0325257685,"period_key":"lunch","period_label":"점심","count":0.0,"local_sum":649.0,"local_n":8,"GiZ":2.5992182808,"GiP":0.002,"color":"#e53935","radius":20.3489406115},{"lat":37.2550727122,"lon":127.0376943932,"period_key":"lunch","period_label":"점심","count":3.0,"local_sum":393.0,"local_n":8,"GiZ":1.4949681959,"GiP":0.012,"color":"#e53935","radius":16.3216401541},{"lat":37.2729874402,"lon":127.0476180335,"period_key":"lunch","period_label":"점심","count":4.0,"local_sum":532.0,"local_n":8,"GiZ":2.0833377231,"GiP":0.002,"color":"#e53935","radius":18.5593904328},{"lat":37.2478805887,"lon":127.0429567033,"period_key":"lunch","period_label":"점심","count":4.0,"local_sum":1099.0,"local_n":8,"GiZ":4.5007602994,"GiP":0.002,"color":"#e53935","radius":26.4616840424},{"lat":37.2643323457,"lon":127.0305861386,"period_key":"lunch","period_label":"점심","count":0.0,"local_sum":527.0,"local_n":8,"GiZ":2.079066916,"GiP":0.002,"color":"#e53935","radius":18.5090992923},{"lat":37.2656880718,"lon":127.0119062908,"period_key":"lunch","period_label":"점심","count":3.0,"local_sum":522.0,"local_n":8,"GiZ":2.0449638696,"GiP":0.002,"color":"#e53935","radius":18.4108699184},{"lat":37.2657429136,"lon":127.0113099135,"period_key":"lunch","period_label":"점심","count":0.0,"local_sum":538.0,"local_n":8,"GiZ":2.1259658096,"GiP":0.002,"color":"#e53935","radius":18.6794760991},{"lat":37.2632771752,"lon":127.0331169439,"period_key":"lunch","period_label":"점심","count":1.0,"local_sum":448.0,"local_n":8,"GiZ":1.7379857467,"GiP":0.006,"color":"#e53935","radius":17.2471813901},{"lat":37.260858799,"lon":127.0330392279,"period_key":"lunch","period_label":"점심","count":1.0,"local_sum":349.0,"local_n":8,"GiZ":1.3158958508,"GiP":0.014,"color":"#e53935","radius":15.5780500381},{"lat":37.2645968469,"lon":127.0334183032,"period_key":"lunch","period_label":"점심","count":5.0,"local_sum":436.0,"local_n":8,"GiZ":1.6697773696,"GiP":0.01,"color":"#e53935","radius":17.0238889986},{"lat":37.2630305559,"lon":127.0359126472,"period_key":"lunch","period_label":"점심","count":6.0,"local_sum":1012.0,"local_n":8,"GiZ":4.1213106013,"GiP":0.002,"color":"#e53935","radius":25.3188759385},{"lat":37.2718284079,"lon":126.955566233,"period_key":"lunch","period_label":"점심","count":3.0,"local_sum":580.0,"local_n":8,"GiZ":2.2922487462,"GiP":0.002,"color":"#e53935","radius":19.3008736569},{"lat":37.2961314063,"lon":126.9823261165,"period_key":"lunch","period_label":"점심","count":3.0,"local_sum":549.0,"local_n":8,"GiZ":2.1600792432,"GiP":0.002,"color":"#e53935","radius":18.8284264002},{"lat":37.2965398335,"lon":126.9828500168,"period_key":"lunch","period_label":"점심","count":7.0,"local_sum":350.0,"local_n":8,"GiZ":1.2945913828,"GiP":0.014,"color":"#e53935","radius":15.5546609861},{"lat":37.296425126,"lon":126.982203113,"period_key":"lunch","period_label":"점심","count":2.0,"local_sum":644.0,"local_n":8,"GiZ":2.5693765419,"GiP":0.002,"color":"#e53935","radius":20.2618644993},{"lat":37.2637457865,"lon":127.0305116088,"period_key":"lunch","period_label":"점심","count":2.0,"local_sum":458.0,"local_n":8,"GiZ":1.7763593739,"GiP":0.004,"color":"#e53935","radius":17.4025488218},{"lat":37.2643308488,"lon":127.0350136292,"period_key":"lunch","period_label":"점심","count":6.0,"local_sum":633.0,"local_n":8,"GiZ":2.5054319983,"GiP":0.002,"color":"#e53935","radius":20.0724876976},{"lat":37.2648486658,"lon":127.0118595983,"period_key":"lunch","period_label":"점심","count":0.0,"local_sum":522.0,"local_n":8,"GiZ":2.0577492372,"GiP":0.002,"color":"#e53935","radius":18.4313265065},{"lat":37.2669957522,"lon":127.03052115,"period_key":"lunch","period_label":"점심","count":3.0,"local_sum":1243.0,"local_n":8,"GiZ":5.118970697,"GiP":0.002,"color":"#e53935","radius":28.2928351662},{"lat":37.2900072134,"lon":127.0706284499,"period_key":"lunch","period_label":"점심","count":4.0,"local_sum":454.0,"local_n":8,"GiZ":1.7507822365,"GiP":0.006,"color":"#e53935","radius":17.3241618794},{"lat":37.2839241992,"lon":127.0550364344,"period_key":"lunch","period_label":"점심","count":3.0,"local_sum":397.0,"local_n":8,"GiZ":1.5120223253,"GiP":0.012,"color":"#e53935","radius":16.3891792586},{"lat":37.279381862,"lon":127.0502114522,"period_key":"lunch","period_label":"점심","count":3.0,"local_sum":365.0,"local_n":8,"GiZ":1.37558929,"GiP":0.014,"color":"#e53935","radius":15.8429321338},{"lat":37.2579784334,"lon":126.9647661122,"period_key":"lunch","period_label":"점심","count":4.0,"local_sum":803.0,"local_n":8,"GiZ":3.2387548628,"GiP":0.002,"color":"#e53935","radius":22.5169096327},{"lat":37.2776960934,"lon":127.0314376674,"period_key":"lunch","period_label":"점심","count":1.0,"local_sum":441.0,"local_n":8,"GiZ":1.7081410066,"GiP":0.01,"color":"#e53935","radius":17.1330256105},{"lat":37.2601331198,"lon":127.0273009537,"period_key":"lunch","period_label":"점심","count":3.0,"local_sum":370.0,"local_n":8,"GiZ":1.3969069518,"GiP":0.014,"color":"#e53935","radius":15.9292047475},{"lat":37.2673423271,"lon":127.0303878049,"period_key":"lunch","period_label":"점심","count":1.0,"local_sum":711.0,"local_n":8,"GiZ":2.8592952681,"GiP":0.002,"color":"#e53935","radius":21.2407057298},{"lat":37.2672315631,"lon":127.0308368061,"period_key":"lunch","period_label":"점심","count":3.0,"local_sum":701.0,"local_n":8,"GiZ":2.808136161,"GiP":0.002,"color":"#e53935","radius":21.0835796935},{"lat":37.2546900244,"lon":127.0727078744,"period_key":"lunch","period_label":"점심","count":0.0,"local_sum":446.0,"local_n":8,"GiZ":1.7337205181,"GiP":0.006,"color":"#e53935","radius":17.2214376618},{"lat":37.2722849858,"lon":127.0485132621,"period_key":"lunch","period_label":"점심","count":0.0,"local_sum":527.0,"local_n":8,"GiZ":2.079066916,"GiP":0.002,"color":"#e53935","radius":18.5090992923},{"lat":37.2674060965,"lon":127.0301304431,"period_key":"lunch","period_label":"점심","count":3.0,"local_sum":698.0,"local_n":8,"GiZ":2.7953455639,"GiP":0.002,"color":"#e53935","radius":21.0404287532},{"lat":37.27250562,"lon":126.9565092013,"period_key":"lunch","period_label":"점심","count":2.0,"local_sum":565.0,"local_n":8,"GiZ":2.2325574221,"GiP":0.002,"color":"#e53935","radius":19.0799833346},{"lat":37.2779727226,"lon":127.0186008939,"period_key":"lunch","period_label":"점심","count":0.0,"local_sum":486.0,"local_n":8,"GiZ":1.9042619492,"GiP":0.002,"color":"#e53935","radius":17.8649821927},{"lat":37.2787127993,"lon":127.0182633667,"period_key":"lunch","period_label":"점심","count":1.0,"local_sum":371.0,"local_n":8,"GiZ":1.4096936054,"GiP":0.014,"color":"#e53935","radius":15.9600538823},{"lat":37.2915317378,"lon":127.049574442,"period_key":"lunch","period_label":"점심","count":2.0,"local_sum":1036.0,"local_n":8,"GiZ":4.2406815411,"GiP":0.002,"color":"#e53935","radius":25.6598720173},{"lat":37.2785695471,"lon":127.0181780874,"period_key":"lunch","period_label":"점심","count":0.0,"local_sum":371.0,"local_n":8,"GiZ":1.4139553349,"GiP":0.014,"color":"#e53935","radius":15.9668726495},{"lat":37.2785272734,"lon":127.0182750486,"period_key":"lunch","period_label":"점심","count":0.0,"local_sum":454.0,"local_n":8,"GiZ":1.7678288044,"GiP":0.006,"color":"#e53935","radius":17.351436388},{"lat":37.288143853,"lon":127.0138621332,"period_key":"lunch","period_label":"점심","count":0.0,"local_sum":435.0,"local_n":8,"GiZ":1.6868216246,"GiP":0.01,"color":"#e53935","radius":17.0415760452},{"lat":37.2833946526,"lon":127.0540719107,"period_key":"lunch","period_label":"점심","count":0.0,"local_sum":397.0,"local_n":8,"GiZ":1.5248072651,"GiP":0.012,"color":"#e53935","radius":16.4096351622},{"lat":37.288059618,"lon":127.0137581423,"period_key":"lunch","period_label":"점심","count":0.0,"local_sum":433.0,"local_n":8,"GiZ":1.678294553,"GiP":0.01,"color":"#e53935","radius":17.0087321035},{"lat":37.2728887046,"lon":127.0484606575,"period_key":"lunch","period_label":"점심","count":0.0,"local_sum":529.0,"local_n":8,"GiZ":2.0875939876,"GiP":0.002,"color":"#e53935","radius":18.5401503801},{"lat":37.2726483977,"lon":127.0477941589,"period_key":"lunch","period_label":"점심","count":0.0,"local_sum":530.0,"local_n":8,"GiZ":2.0918575234,"GiP":0.002,"color":"#e53935","radius":18.555663584},{"lat":37.2731346241,"lon":126.9562309123,"period_key":"lunch","period_label":"점심","count":2.0,"local_sum":639.0,"local_n":8,"GiZ":2.5480588761,"GiP":0.002,"color":"#e53935","radius":20.1882739295},{"lat":37.2772895371,"lon":127.0314642214,"period_key":"lunch","period_label":"점심","count":0.0,"local_sum":459.0,"local_n":8,"GiZ":1.7891464832,"GiP":0.004,"color":"#e53935","radius":17.4323484874},{"lat":37.2526420792,"lon":127.0776181927,"period_key":"lunch","period_label":"점심","count":1.0,"local_sum":380.0,"local_n":8,"GiZ":1.4480654141,"GiP":0.012,"color":"#e53935","radius":16.1143401384},{"lat":37.2527864305,"lon":127.0773365432,"period_key":"lunch","period_label":"점심","count":0.0,"local_sum":382.0,"local_n":8,"GiZ":1.4608542284,"GiP":0.012,"color":"#e53935","radius":16.1552948798},{"lat":37.2649777536,"lon":127.0299140348,"period_key":"lunch","period_label":"점심","count":0.0,"local_sum":493.0,"local_n":8,"GiZ":1.9341066996,"GiP":0.002,"color":"#e53935","radius":17.9760120439},{"lat":37.2525632457,"lon":127.0769158743,"period_key":"lunch","period_label":"점심","count":2.0,"local_sum":376.0,"local_n":8,"GiZ":1.4267496546,"GiP":0.014,"color":"#e53935","radius":16.0390872193},{"lat":37.2648566632,"lon":127.0302310035,"period_key":"lunch","period_label":"점심","count":1.0,"local_sum":390.0,"local_n":8,"GiZ":1.4907007571,"GiP":0.012,"color":"#e53935","radius":16.2844882747},{"lat":37.2658592733,"lon":127.0118712561,"period_key":"lunch","period_label":"점심","count":0.0,"local_sum":524.0,"local_n":8,"GiZ":2.0662763087,"GiP":0.002,"color":"#e53935","radius":18.4624606077},{"lat":37.2546514499,"lon":127.0363313763,"period_key":"lunch","period_label":"점심","count":1.0,"local_sum":393.0,"local_n":8,"GiZ":1.50349136,"GiP":0.012,"color":"#e53935","radius":16.3352772167},{"lat":37.2660059904,"lon":127.0115940545,"period_key":"lunch","period_label":"점심","count":0.0,"local_sum":522.0,"local_n":8,"GiZ":2.0577492372,"GiP":0.002,"color":"#e53935","radius":18.4313265065},{"lat":37.2660743868,"lon":127.0124102944,"period_key":"lunch","period_label":"점심","count":2.0,"local_sum":523.0,"local_n":8,"GiZ":2.0534890293,"GiP":0.002,"color":"#e53935","radius":18.4332597478},{"lat":37.2415438644,"lon":127.0335852906,"period_key":"lunch","period_label":"점심","count":0.0,"local_sum":378.0,"local_n":8,"GiZ":1.4438000853,"GiP":0.012,"color":"#e53935","radius":16.0869689746},{"lat":37.2584586081,"lon":127.0323618145,"period_key":"lunch","period_label":"점심","count":0.0,"local_sum":592.0,"local_n":8,"GiZ":2.3561967415,"GiP":0.002,"color":"#e53935","radius":19.5023348349},{"lat":37.2614476271,"lon":127.0277906848,"period_key":"lunch","period_label":"점심","count":4.0,"local_sum":401.0,"local_n":8,"GiZ":1.5248150468,"GiP":0.012,"color":"#e53935","radius":16.4496978327},{"lat":37.2622142175,"lon":127.0355943522,"period_key":"lunch","period_label":"점심","count":0.0,"local_sum":1162.0,"local_n":8,"GiZ":4.7864121341,"GiP":0.002,"color":"#e53935","radius":27.2935078539},{"lat":37.2625852806,"lon":127.0358470502,"period_key":"lunch","period_label":"점심","count":0.0,"local_sum":1009.0,"local_n":8,"GiZ":4.1340911603,"GiP":0.002,"color":"#e53935","radius":25.3204499959},{"lat":37.2626194341,"lon":127.0352334568,"period_key":"lunch","period_label":"점심","count":2.0,"local_sum":1118.0,"local_n":8,"GiZ":4.5902912603,"GiP":0.002,"color":"#e53935","radius":26.7190688144},{"lat":37.2520674526,"lon":127.0744389566,"period_key":"lunch","period_label":"점심","count":0.0,"local_sum":456.0,"local_n":8,"GiZ":1.7763558759,"GiP":0.004,"color":"#e53935","radius":17.3838320031},{"lat":37.2644397057,"lon":127.0364695578,"period_key":"lunch","period_label":"점심","count":2.0,"local_sum":548.0,"local_n":8,"GiZ":2.1600773584,"GiP":0.002,"color":"#e53935","radius":18.819883702},{"lat":37.2644334211,"lon":127.0361013576,"period_key":"lunch","period_label":"점심","count":2.0,"local_sum":546.0,"local_n":8,"GiZ":2.1515502921,"GiP":0.002,"color":"#e53935","radius":18.7891376237},{"lat":37.2643763022,"lon":127.0336292482,"period_key":"lunch","period_label":"점심","count":2.0,"local_sum":415.0,"local_n":8,"GiZ":1.5930274479,"GiP":0.01,"color":"#e53935","radius":16.6974634316},{"lat":37.2636892784,"lon":127.0329139754,"period_key":"lunch","period_label":"점심","count":1.0,"local_sum":664.0,"local_n":8,"GiZ":2.6589091559,"GiP":0.002,"color":"#e53935","radius":20.5615336309},{"lat":37.2638250506,"lon":127.0329672456,"period_key":"lunch","period_label":"점심","count":1.0,"local_sum":685.0,"local_n":8,"GiZ":2.7484433763,"GiP":0.002,"color":"#e53935","radius":20.8665112647},{"lat":37.2551320535,"lon":127.0369556391,"period_key":"lunch","period_label":"점심","count":2.0,"local_sum":380.0,"local_n":8,"GiZ":1.4438037873,"GiP":0.012,"color":"#e53935","radius":16.1075215355},{"lat":37.2550225626,"lon":127.036711429,"period_key":"lunch","period_label":"점심","count":0.0,"local_sum":393.0,"local_n":8,"GiZ":1.507753122,"GiP":0.012,"color":"#e53935","radius":16.3420960358},{"lat":37.2548410698,"lon":127.0373597185,"period_key":"lunch","period_label":"점심","count":2.0,"local_sum":384.0,"local_n":8,"GiZ":1.4608579199,"GiP":0.012,"color":"#e53935","radius":16.1757398488},{"lat":37.2516175727,"lon":127.0734105322,"period_key":"lunch","period_label":"점심","count":1.0,"local_sum":693.0,"local_n":8,"GiZ":2.7825516507,"GiP":0.002,"color":"#e53935","radius":20.982039906},{"lat":37.2849958758,"lon":127.0529046767,"period_key":"lunch","period_label":"점심","count":0.0,"local_sum":380.0,"local_n":8,"GiZ":1.4523271569,"GiP":0.012,"color":"#e53935","radius":16.1211589269},{"lat":37.2904930055,"lon":127.0693374017,"period_key":"lunch","period_label":"점심","count":0.0,"local_sum":454.0,"local_n":8,"GiZ":1.7678288044,"GiP":0.006,"color":"#e53935","radius":17.351436388},{"lat":37.2912580797,"lon":127.0487374614,"period_key":"lunch","period_label":"점심","count":0.0,"local_sum":1007.0,"local_n":8,"GiZ":4.1255640888,"GiP":0.002,"color":"#e53935","radius":25.2942078641},{"lat":37.2913045995,"lon":127.0708101051,"period_key":"lunch","period_label":"점심","count":1.0,"local_sum":411.0,"local_n":8,"GiZ":1.5802349775,"GiP":0.01,"color":"#e53935","radius":16.6376299371},{"lat":37.2485181881,"lon":127.0431487895,"period_key":"lunch","period_label":"점심","count":0.0,"local_sum":1096.0,"local_n":8,"GiZ":4.5050187729,"GiP":0.002,"color":"#e53935","radius":26.4503863224},{"lat":37.2877586765,"lon":127.0137118513,"period_key":"lunch","period_label":"점심","count":0.0,"local_sum":438.0,"local_n":8,"GiZ":1.6996122319,"GiP":0.01,"color":"#e53935","radius":17.0907593857},{"lat":37.2879226725,"lon":127.0136516611,"period_key":"lunch","period_label":"점심","count":0.0,"local_sum":435.0,"local_n":8,"GiZ":1.6868216246,"GiP":0.01,"color":"#e53935","radius":17.0415760452},{"lat":37.2860933354,"lon":127.0502287668,"period_key":"lunch","period_label":"점심","count":1.0,"local_sum":389.0,"local_n":8,"GiZ":1.4864372228,"GiP":0.012,"color":"#e53935","radius":16.2675327259},{"lat":37.2860955395,"lon":127.0540218568,"period_key":"lunch","period_label":"점심","count":0.0,"local_sum":380.0,"local_n":8,"GiZ":1.4523271569,"GiP":0.012,"color":"#e53935","radius":16.1211589269},{"lat":37.2551784007,"lon":127.0368478989,"period_key":"lunch","period_label":"점심","count":0.0,"local_sum":380.0,"local_n":8,"GiZ":1.4523271569,"GiP":0.012,"color":"#e53935","radius":16.1211589269},{"lat":37.253315255,"lon":127.0739483876,"period_key":"lunch","period_label":"점심","count":0.0,"local_sum":512.0,"local_n":8,"GiZ":2.0151138794,"GiP":0.002,"color":"#e53935","radius":18.2751490062},{"lat":37.2551197296,"lon":127.0371783728,"period_key":"lunch","period_label":"점심","count":1.0,"local_sum":382.0,"local_n":8,"GiZ":1.4565924827,"GiP":0.012,"color":"#e53935","radius":16.1484760866},{"lat":37.2882504716,"lon":127.0136398793,"period_key":"lunch","period_label":"점심","count":0.0,"local_sum":433.0,"local_n":8,"GiZ":1.678294553,"GiP":0.01,"color":"#e53935","radius":17.0087321035},{"lat":37.288102769,"lon":127.0138332561,"period_key":"lunch","period_label":"점심","count":2.0,"local_sum":435.0,"local_n":8,"GiZ":1.6782981111,"GiP":0.01,"color":"#e53935","radius":17.0279384237},{"lat":37.2549541823,"lon":127.0372597897,"period_key":"lunch","period_label":"점심","count":2.0,"local_sum":384.0,"local_n":8,"GiZ":1.4608579199,"GiP":0.012,"color":"#e53935","radius":16.1757398488},{"lat":37.2899004909,"lon":127.0514917769,"period_key":"lunch","period_label":"점심","count":0.0,"local_sum":1004.0,"local_n":8,"GiZ":4.1127734814,"GiP":0.002,"color":"#e53935","radius":25.2548211845},{"lat":37.2524744541,"lon":127.0748676876,"period_key":"lunch","period_label":"점심","count":1.0,"local_sum":461.0,"local_n":8,"GiZ":1.7934116926,"GiP":0.004,"color":"#e53935","radius":17.4578229296},{"lat":37.2902014178,"lon":127.054357478,"period_key":"lunch","period_label":"점심","count":0.0,"local_sum":619.0,"local_n":8,"GiZ":2.4713122075,"GiP":0.002,"color":"#e53935","radius":19.9059837757},{"lat":37.2892784332,"lon":127.0493314028,"period_key":"lunch","period_label":"점심","count":1.0,"local_sum":1069.0,"local_n":8,"GiZ":4.3856405483,"GiP":0.002,"color":"#e53935","radius":26.0952510567},{"lat":37.2891608444,"lon":127.0578929614,"period_key":"lunch","period_label":"점심","count":0.0,"local_sum":651.0,"local_n":8,"GiZ":2.6077453523,"GiP":0.002,"color":"#e53935","radius":20.3782732215},{"lat":37.2531957058,"lon":127.0742056097,"period_key":"lunch","period_label":"점심","count":0.0,"local_sum":523.0,"local_n":8,"GiZ":2.0620127729,"GiP":0.002,"color":"#e53935","radius":18.4468977375},{"lat":37.2552436968,"lon":127.0372302862,"period_key":"lunch","period_label":"점심","count":0.0,"local_sum":394.0,"local_n":8,"GiZ":1.5120166578,"GiP":0.012,"color":"#e53935","radius":16.3589999489},{"lat":37.2526585653,"lon":127.0743944506,"period_key":"lunch","period_label":"점심","count":1.0,"local_sum":536.0,"local_n":8,"GiZ":2.1131767653,"GiP":0.002,"color":"#e53935","radius":18.6417523466},{"lat":37.2528888197,"lon":127.0750484483,"period_key":"lunch","period_label":"점심","count":1.0,"local_sum":461.0,"local_n":8,"GiZ":1.7934116926,"GiP":0.004,"color":"#e53935","radius":17.4578229296},{"lat":37.2527052482,"lon":127.0774717229,"period_key":"lunch","period_label":"점심","count":1.0,"local_sum":382.0,"local_n":8,"GiZ":1.4565924827,"GiP":0.012,"color":"#e53935","radius":16.1484760866},{"lat":37.2527429653,"lon":127.071663691,"period_key":"lunch","period_label":"점심","count":0.0,"local_sum":542.0,"local_n":8,"GiZ":2.1430199527,"GiP":0.002,"color":"#e53935","radius":18.7411893058},{"lat":37.2672517143,"lon":127.0313024331,"period_key":"lunch","period_label":"점심","count":0.0,"local_sum":576.0,"local_n":8,"GiZ":2.2879801691,"GiP":0.002,"color":"#e53935","radius":19.2607682705},{"lat":37.2422724302,"lon":127.0552562227,"period_key":"lunch","period_label":"점심","count":0.0,"local_sum":423.0,"local_n":8,"GiZ":1.6356591953,"GiP":0.01,"color":"#e53935","radius":16.8438402329},{"lat":37.241720303,"lon":127.0341669142,"period_key":"lunch","period_label":"점심","count":0.0,"local_sum":378.0,"local_n":8,"GiZ":1.4438000853,"GiP":0.012,"color":"#e53935","radius":16.0869689746},{"lat":37.2417401263,"lon":127.0341657962,"period_key":"lunch","period_label":"점심","count":0.0,"local_sum":378.0,"local_n":8,"GiZ":1.4438000853,"GiP":0.012,"color":"#e53935","radius":16.0869689746},{"lat":37.2461226968,"lon":127.0538636948,"period_key":"lunch","period_label":"점심","count":1.0,"local_sum":371.0,"local_n":8,"GiZ":1.4096936054,"GiP":0.014,"color":"#e53935","radius":15.9600538823},{"lat":37.2480788822,"lon":127.0427809851,"period_key":"lunch","period_label":"점심","count":0.0,"local_sum":1090.0,"local_n":8,"GiZ":4.4794375582,"GiP":0.002,"color":"#e53935","radius":26.3731593085},{"lat":37.2480050985,"lon":127.0437350499,"period_key":"lunch","period_label":"점심","count":1.0,"local_sum":1083.0,"local_n":8,"GiZ":4.4453300285,"GiP":0.002,"color":"#e53935","radius":26.2761141832},{"lat":37.2955181185,"lon":127.0303230065,"period_key":"lunch","period_label":"점심","count":0.0,"local_sum":438.0,"local_n":8,"GiZ":1.6996122319,"GiP":0.01,"color":"#e53935","radius":17.0907593857},{"lat":37.2477488694,"lon":127.0434142374,"period_key":"lunch","period_label":"점심","count":0.0,"local_sum":1089.0,"local_n":8,"GiZ":4.4751740224,"GiP":0.002,"color":"#e53935","radius":26.3602784359},{"lat":37.2429754659,"lon":127.0566960843,"period_key":"lunch","period_label":"점심","count":1.0,"local_sum":395.0,"local_n":8,"GiZ":1.5120184287,"GiP":0.012,"color":"#e53935","radius":16.3690722516},{"lat":37.2431440265,"lon":127.05599113,"period_key":"lunch","period_label":"점심","count":1.0,"local_sum":393.0,"local_n":8,"GiZ":1.50349136,"GiP":0.012,"color":"#e53935","radius":16.3352772167},{"lat":37.2431308731,"lon":127.0557963666,"period_key":"lunch","period_label":"점심","count":0.0,"local_sum":393.0,"local_n":8,"GiZ":1.507753122,"GiP":0.012,"color":"#e53935","radius":16.3420960358},{"lat":37.2431876571,"lon":127.056518057,"period_key":"lunch","period_label":"점심","count":1.0,"local_sum":395.0,"local_n":8,"GiZ":1.5120184287,"GiP":0.012,"color":"#e53935","radius":16.3690722516},{"lat":37.2646841398,"lon":127.0297719831,"period_key":"lunch","period_label":"점심","count":1.0,"local_sum":396.0,"local_n":8,"GiZ":1.516281963,"GiP":0.012,"color":"#e53935","radius":16.3859506376},{"lat":37.2724618101,"lon":127.0481944104,"period_key":"lunch","period_label":"점심","count":1.0,"local_sum":526.0,"local_n":8,"GiZ":2.0705414222,"GiP":0.002,"color":"#e53935","radius":18.4867422285},{"lat":37.2723075284,"lon":127.0484726872,"period_key":"lunch","period_label":"점심","count":1.0,"local_sum":527.0,"local_n":8,"GiZ":2.0748049565,"GiP":0.002,"color":"#e53935","radius":18.5022801571},{"lat":37.264831619,"lon":127.0298570448,"period_key":"lunch","period_label":"점심","count":0.0,"local_sum":393.0,"local_n":8,"GiZ":1.507753122,"GiP":0.012,"color":"#e53935","radius":16.3420960358},{"lat":37.2644725259,"lon":127.0779910892,"period_key":"lunch","period_label":"점심","count":0.0,"local_sum":411.0,"local_n":8,"GiZ":1.584496766,"GiP":0.01,"color":"#e53935","radius":16.6444487986},{"lat":37.2646047107,"lon":127.0351986442,"period_key":"lunch","period_label":"점심","count":0.0,"local_sum":628.0,"local_n":8,"GiZ":2.5096840295,"GiP":0.002,"color":"#e53935","radius":20.0394657161},{"lat":37.2726481005,"lon":127.04852477,"period_key":"lunch","period_label":"점심","count":0.0,"local_sum":528.0,"local_n":8,"GiZ":2.0833304518,"GiP":0.002,"color":"#e53935","radius":18.5246289574},{"lat":37.2652756058,"lon":127.0124803989,"period_key":"lunch","period_label":"점심","count":0.0,"local_sum":522.0,"local_n":8,"GiZ":2.0577492372,"GiP":0.002,"color":"#e53935","radius":18.4313265065},{"lat":37.2649791959,"lon":127.0299114424,"period_key":"lunch","period_label":"점심","count":0.0,"local_sum":493.0,"local_n":8,"GiZ":1.9341066996,"GiP":0.002,"color":"#e53935","radius":17.9760120439},{"lat":37.2649806142,"lon":127.0296461723,"period_key":"lunch","period_label":"점심","count":0.0,"local_sum":495.0,"local_n":8,"GiZ":1.9426337712,"GiP":0.002,"color":"#e53935","radius":18.0076522184},{"lat":37.2649686581,"lon":127.0298941895,"period_key":"lunch","period_label":"점심","count":1.0,"local_sum":493.0,"local_n":8,"GiZ":1.9298447903,"GiP":0.002,"color":"#e53935","radius":17.9691929889},{"lat":37.2649340547,"lon":127.0302620372,"period_key":"lunch","period_label":"점심","count":0.0,"local_sum":393.0,"local_n":8,"GiZ":1.507753122,"GiP":0.012,"color":"#e53935","radius":16.3420960358},{"lat":37.274395625,"lon":127.0407555254,"period_key":"lunch","period_label":"점심","count":0.0,"local_sum":361.0,"local_n":8,"GiZ":1.3713199771,"GiP":0.014,"color":"#e53935","radius":15.7941119634},{"lat":37.2733012265,"lon":126.9564753698,"period_key":"lunch","period_label":"점심","count":1.0,"local_sum":639.0,"local_n":8,"GiZ":2.5523207984,"GiP":0.002,"color":"#e53935","radius":20.1950930052},{"lat":37.2640589368,"lon":127.0349372939,"period_key":"lunch","period_label":"점심","count":0.0,"local_sum":659.0,"local_n":8,"GiZ":2.6418536385,"GiP":0.002,"color":"#e53935","radius":20.4953639441},{"lat":37.2733155491,"lon":126.9564645376,"period_key":"lunch","period_label":"점심","count":0.0,"local_sum":639.0,"local_n":8,"GiZ":2.556582923,"GiP":0.002,"color":"#e53935","radius":20.2019124046},{"lat":37.2642890492,"lon":127.0352875588,"period_key":"lunch","period_label":"점심","count":1.0,"local_sum":574.0,"local_n":8,"GiZ":2.2751910687,"GiP":0.002,"color":"#e53935","radius":19.2236245505},{"lat":37.2643001256,"lon":127.0353089839,"period_key":"lunch","period_label":"점심","count":1.0,"local_sum":568.0,"local_n":8,"GiZ":2.2496098629,"GiP":0.002,"color":"#e53935","radius":19.1324760109},{"lat":37.2643718567,"lon":127.0311038398,"period_key":"lunch","period_label":"점심","count":1.0,"local_sum":515.0,"local_n":8,"GiZ":2.0236425449,"GiP":0.002,"color":"#e53935","radius":18.3152726462},{"lat":37.2731294282,"lon":127.0481033962,"period_key":"lunch","period_label":"점심","count":1.0,"local_sum":532.0,"local_n":8,"GiZ":2.096122628,"GiP":0.002,"color":"#e53935","radius":18.5798462806},{"lat":37.2738692862,"lon":127.0411346471,"period_key":"lunch","period_label":"점심","count":0.0,"local_sum":362.0,"local_n":8,"GiZ":1.3755835129,"GiP":0.014,"color":"#e53935","radius":15.8114526568},{"lat":37.2734534351,"lon":126.9429530791,"period_key":"lunch","period_label":"점심","count":0.0,"local_sum":355.0,"local_n":8,"GiZ":1.3457387625,"GiP":0.014,"color":"#e53935","radius":15.6897594925},{"lat":37.2639557067,"lon":127.0302486811,"period_key":"lunch","period_label":"점심","count":1.0,"local_sum":619.0,"local_n":8,"GiZ":2.4670501123,"GiP":0.002,"color":"#e53935","radius":19.8991644234},{"lat":37.2734320516,"lon":126.9562147296,"period_key":"lunch","period_label":"점심","count":0.0,"local_sum":651.0,"local_n":8,"GiZ":2.6077453523,"GiP":0.002,"color":"#e53935","radius":20.3782732215},{"lat":37.2665117827,"lon":127.0309451935,"period_key":"lunch","period_label":"점심","count":0.0,"local_sum":556.0,"local_n":8,"GiZ":2.2027094536,"GiP":0.002,"color":"#e53935","radius":18.9561960237},{"lat":37.2668008142,"lon":127.0310316706,"period_key":"lunch","period_label":"점심","count":2.0,"local_sum":559.0,"local_n":8,"GiZ":2.2069762231,"GiP":0.002,"color":"#e53935","radius":18.9884342911},{"lat":37.2667831531,"lon":127.0017473561,"period_key":"lunch","period_label":"점심","count":1.0,"local_sum":386.0,"local_n":8,"GiZ":1.4736466199,"GiP":0.012,"color":"#e53935","radius":16.2165876737},{"lat":37.2666857673,"lon":127.0302734484,"period_key":"lunch","period_label":"점심","count":0.0,"local_sum":1228.0,"local_n":8,"GiZ":5.0678054954,"GiP":0.002,"color":"#e53935","radius":28.125621167},{"lat":37.2667289193,"lon":127.0303044691,"period_key":"lunch","period_label":"점심","count":0.0,"local_sum":1228.0,"local_n":8,"GiZ":5.0678054954,"GiP":0.002,"color":"#e53935","radius":28.125621167},{"lat":37.2662618652,"lon":127.0118071707,"period_key":"lunch","period_label":"점심","count":1.0,"local_sum":548.0,"local_n":8,"GiZ":2.1643391769,"GiP":0.002,"color":"#e53935","radius":18.8267026116},{"lat":37.26630024,"lon":127.0305135413,"period_key":"lunch","period_label":"점심","count":0.0,"local_sum":556.0,"local_n":8,"GiZ":2.2027094536,"GiP":0.002,"color":"#e53935","radius":18.9561960237},{"lat":37.2664223257,"lon":127.0312257652,"period_key":"lunch","period_label":"점심","count":1.0,"local_sum":556.0,"local_n":8,"GiZ":2.1984474513,"GiP":0.002,"color":"#e53935","radius":18.9493768201},{"lat":37.2664398047,"lon":127.0312303948,"period_key":"lunch","period_label":"점심","count":0.0,"local_sum":556.0,"local_n":8,"GiZ":2.2027094536,"GiP":0.002,"color":"#e53935","radius":18.9561960237},{"lat":37.2671129195,"lon":127.0300439672,"period_key":"lunch","period_label":"점심","count":0.0,"local_sum":682.0,"local_n":8,"GiZ":2.7399149614,"GiP":0.002,"color":"#e53935","radius":20.829915824},{"lat":37.2671388217,"lon":127.0585790347,"period_key":"lunch","period_label":"점심","count":0.0,"local_sum":356.0,"local_n":8,"GiZ":1.3500022983,"GiP":0.014,"color":"#e53935","radius":15.7071885829},{"lat":37.2670567146,"lon":127.0013475852,"period_key":"lunch","period_label":"점심","count":1.0,"local_sum":388.0,"local_n":8,"GiZ":1.4821736885,"GiP":0.012,"color":"#e53935","radius":16.2505641431},{"lat":37.2670939189,"lon":127.0019713784,"period_key":"lunch","period_label":"점심","count":1.0,"local_sum":389.0,"local_n":8,"GiZ":1.4864372228,"GiP":0.012,"color":"#e53935","radius":16.2675327259},{"lat":37.2675986983,"lon":127.0003337138,"period_key":"lunch","period_label":"점심","count":1.0,"local_sum":354.0,"local_n":8,"GiZ":1.3372135223,"GiP":0.014,"color":"#e53935","radius":15.6654967245},{"lat":37.2674065471,"lon":127.0301299924,"period_key":"lunch","period_label":"점심","count":1.0,"local_sum":698.0,"local_n":8,"GiZ":2.8038693222,"GiP":0.002,"color":"#e53935","radius":21.0540667664},{"lat":37.2668257372,"lon":127.0311682089,"period_key":"lunch","period_label":"점심","count":1.0,"local_sum":559.0,"local_n":8,"GiZ":2.2112380542,"GiP":0.002,"color":"#e53935","radius":18.9952532208},{"lat":37.2662190904,"lon":127.0161734359,"period_key":"lunch","period_label":"점심","count":0.0,"local_sum":358.0,"local_n":8,"GiZ":1.3585293698,"GiP":0.014,"color":"#e53935","radius":15.7420021631},{"lat":37.2658176693,"lon":127.013337188,"period_key":"lunch","period_label":"점심","count":1.0,"local_sum":521.0,"local_n":8,"GiZ":2.0492237507,"GiP":0.002,"color":"#e53935","radius":18.4089277696},{"lat":37.2655112662,"lon":127.0189771919,"period_key":"lunch","period_label":"점심","count":1.0,"local_sum":516.0,"local_n":8,"GiZ":2.0279060792,"GiP":0.002,"color":"#e53935","radius":18.33090308},{"lat":37.266067724,"lon":127.016110157,"period_key":"lunch","period_label":"점심","count":1.0,"local_sum":358.0,"local_n":8,"GiZ":1.3542676595,"GiP":0.014,"color":"#e53935","radius":15.7351834265},{"lat":37.2660591554,"lon":127.0773270027,"period_key":"lunch","period_label":"점심","count":0.0,"local_sum":433.0,"local_n":8,"GiZ":1.678294553,"GiP":0.01,"color":"#e53935","radius":17.0087321035},{"lat":37.2660648756,"lon":127.0165106048,"period_key":"lunch","period_label":"점심","count":0.0,"local_sum":355.0,"local_n":8,"GiZ":1.3457387625,"GiP":0.014,"color":"#e53935","radius":15.6897594925},{"lat":37.2659752778,"lon":127.0114612436,"period_key":"lunch","period_label":"점심","count":0.0,"local_sum":522.0,"local_n":8,"GiZ":2.0577492372,"GiP":0.002,"color":"#e53935","radius":18.4313265065},{"lat":37.2584191063,"lon":126.9643740663,"period_key":"lunch","period_label":"점심","count":1.0,"local_sum":803.0,"local_n":8,"GiZ":3.2515404239,"GiP":0.002,"color":"#e53935","radius":22.5373665305},{"lat":37.2785112174,"lon":127.0183879149,"period_key":"lunch","period_label":"점심","count":1.0,"local_sum":399.0,"local_n":8,"GiZ":1.5290725659,"GiP":0.012,"color":"#e53935","radius":16.4365098476},{"lat":37.2784728587,"lon":127.0182219267,"period_key":"lunch","period_label":"점심","count":0.0,"local_sum":359.0,"local_n":8,"GiZ":1.3627929056,"GiP":0.014,"color":"#e53935","radius":15.7593867775},{"lat":37.2786853796,"lon":127.0190143261,"period_key":"lunch","period_label":"점심","count":0.0,"local_sum":372.0,"local_n":8,"GiZ":1.4182188707,"GiP":0.014,"color":"#e53935","radius":15.9840708019},{"lat":37.2592894767,"lon":127.0319678448,"period_key":"lunch","period_label":"점심","count":0.0,"local_sum":569.0,"local_n":8,"GiZ":2.2581354187,"GiP":0.002,"color":"#e53935","radius":19.1545050233},{"lat":37.2587759883,"lon":127.0315728544,"period_key":"lunch","period_label":"점심","count":0.0,"local_sum":560.0,"local_n":8,"GiZ":2.2197635967,"GiP":0.002,"color":"#e53935","radius":19.0173494076},{"lat":37.2588273886,"lon":127.0324218309,"period_key":"lunch","period_label":"점심","count":0.0,"local_sum":635.0,"local_n":8,"GiZ":2.5395287799,"GiP":0.002,"color":"#e53935","radius":20.1429285825},{"lat":37.2589520327,"lon":127.0319807787,"period_key":"lunch","period_label":"점심","count":0.0,"local_sum":558.0,"local_n":8,"GiZ":2.2112365251,"GiP":0.002,"color":"#e53935","radius":18.986787889},{"lat":37.2578803148,"lon":126.9644814103,"period_key":"lunch","period_label":"점심","count":0.0,"local_sum":800.0,"local_n":8,"GiZ":3.243012183,"GiP":0.002,"color":"#e53935","radius":22.5025279918},{"lat":37.2625973859,"lon":127.0357435664,"period_key":"lunch","period_label":"점심","count":0.0,"local_sum":1009.0,"local_n":8,"GiZ":4.1340911603,"GiP":0.002,"color":"#e53935","radius":25.3204499959},{"lat":37.2627683218,"lon":127.0354164934,"period_key":"lunch","period_label":"점심","count":1.0,"local_sum":1112.0,"local_n":8,"GiZ":4.5689725233,"GiP":0.002,"color":"#e53935","radius":26.6490216377},{"lat":37.2778725641,"lon":127.0189351921,"period_key":"lunch","period_label":"점심","count":0.0,"local_sum":358.0,"local_n":8,"GiZ":1.3585293698,"GiP":0.014,"color":"#e53935","radius":15.7420021631},{"lat":37.2774857633,"lon":127.0315405261,"period_key":"lunch","period_label":"점심","count":0.0,"local_sum":441.0,"local_n":8,"GiZ":1.7124028393,"GiP":0.008,"color":"#e53935","radius":17.1398445428},{"lat":37.2776980775,"lon":127.0180712105,"period_key":"lunch","period_label":"점심","count":0.0,"local_sum":440.0,"local_n":8,"GiZ":1.7081393035,"GiP":0.008,"color":"#e53935","radius":17.1234936709},{"lat":37.2776272092,"lon":127.0316058708,"period_key":"lunch","period_label":"점심","count":1.0,"local_sum":439.0,"local_n":8,"GiZ":1.6996139379,"GiP":0.01,"color":"#e53935","radius":17.1003130366},{"lat":37.2598439865,"lon":126.9937916439,"period_key":"lunch","period_label":"점심","count":0.0,"local_sum":451.0,"local_n":8,"GiZ":1.755038197,"GiP":0.006,"color":"#e53935","radius":17.3027653479},{"lat":37.259798286,"lon":126.9642194282,"period_key":"lunch","period_label":"점심","count":0.0,"local_sum":939.0,"local_n":8,"GiZ":3.835643656,"GiP":0.002,"color":"#e53935","radius":24.3942726064},{"lat":37.2611876066,"lon":127.0295663371,"period_key":"lunch","period_label":"점심","count":1.0,"local_sum":357.0,"local_n":8,"GiZ":1.3500041252,"GiP":0.014,"color":"#e53935","radius":15.7177840514},{"lat":37.2612778606,"lon":127.0254300204,"period_key":"lunch","period_label":"점심","count":0.0,"local_sum":479.0,"local_n":8,"GiZ":1.8744171988,"GiP":0.002,"color":"#e53935","radius":17.7534949693},{"lat":37.277422841,"lon":127.0319871255,"period_key":"lunch","period_label":"점심","count":0.0,"local_sum":417.0,"local_n":8,"GiZ":1.6100779806,"GiP":0.01,"color":"#e53935","radius":16.7443559117}]