[{"lat":37.2417410277,"lon":127.0341646695,"period_key":"morning","period_label":"오전","count":560.0,"local_sum":1797.0,"local_n":8,"GiZ":2.6741009492,"GiP":0.008,"color":"#e53935","radius":27.234976234},{"lat":37.2950842541,"lon":127.0413788654,"period_key":"morning","period_label":"오전","count":273.0,"local_sum":927.0,"local_n":8,"GiZ":1.357599711,"GiP":0.008,"color":"#e53935","radius":20.3508294157},{"lat":37.260885803,"lon":127.0259101232,"period_key":"morning","period_label":"오전","count":68.0,"local_sum":1059.0,"local_n":8,"GiZ":2.1126472726,"GiP":0.008,"color":"#e53935","radius":22.3971477124},{"lat":37.2651419463,"lon":127.0298236843,"period_key":"morning","period_label":"오전","count":201.0,"local_sum":3314.0,"local_n":8,"GiZ":6.8774894146,"GiP":0.002,"color":"#e53935","radius":40.0},{"lat":37.261798203,"lon":127.0373595472,"period_key":"morning","period_label":"오전","count":10.0,"local_sum":874.0,"local_n":8,"GiZ":1.8274917993,"GiP":0.008,"color":"#e53935","radius":20.7493832782},{"lat":37.2611947328,"lon":127.0302481406,"period_key":"morning","period_label":"오전","count":0.0,"local_sum":626.0,"local_n":8,"GiZ":1.2933886791,"GiP":0.008,"color":"#e53935","radius":18.0774186891},{"lat":37.295063228,"lon":127.0414699818,"period_key":"morning","period_label":"오전","count":25.0,"local_sum":927.0,"local_n":8,"GiZ":1.9127920285,"GiP":0.008,"color":"#e53935","radius":21.2391371237},{"lat":37.260810239,"lon":127.0253391147,"period_key":"morning","period_label":"오전","count":39.0,"local_sum":1059.0,"local_n":8,"GiZ":2.1776285605,"GiP":0.008,"color":"#e53935","radius":22.501117773},{"lat":37.2386974604,"lon":127.0305940351,"period_key":"morning","period_label":"오전","count":3.0,"local_sum":850.0,"local_n":8,"GiZ":1.7893338835,"GiP":0.008,"color":"#e53935","radius":20.5248380033},{"lat":37.2392774533,"lon":126.9887075657,"period_key":"morning","period_label":"오전","count":10.0,"local_sum":932.0,"local_n":8,"GiZ":1.9576485234,"GiP":0.008,"color":"#e53935","radius":21.3437076554},{"lat":37.2909463999,"lon":127.0506939232,"period_key":"morning","period_label":"오전","count":34.0,"local_sum":981.0,"local_n":8,"GiZ":2.013796082,"GiP":0.008,"color":"#e53935","radius":21.7504415419},{"lat":37.2952775996,"lon":127.0406481411,"period_key":"morning","period_label":"오전","count":0.0,"local_sum":904.0,"local_n":8,"GiZ":1.9172434851,"GiP":0.008,"color":"#e53935","radius":21.0942266788},{"lat":37.2628692236,"lon":127.0329722402,"period_key":"morning","period_label":"오전","count":14.0,"local_sum":1224.0,"local_n":8,"GiZ":2.6039501185,"GiP":0.008,"color":"#e53935","radius":24.1606047372},{"lat":37.241474206,"lon":127.0326459995,"period_key":"morning","period_label":"오전","count":9.0,"local_sum":1243.0,"local_n":8,"GiZ":2.6578005386,"GiP":0.008,"color":"#e53935","radius":24.3549629129},{"lat":37.2672512302,"lon":127.0307427885,"period_key":"morning","period_label":"오전","count":0.0,"local_sum":1680.0,"local_n":8,"GiZ":3.658651145,"GiP":0.004,"color":"#e53935","radius":28.2489630576},{"lat":37.2532859317,"lon":127.0188828221,"period_key":"morning","period_label":"오전","count":0.0,"local_sum":645.0,"local_n":8,"GiZ":1.3360262378,"GiP":0.008,"color":"#e53935","radius":18.2963820598},{"lat":37.2632761837,"lon":127.0331182963,"period_key":"morning","period_label":"오전","count":10.0,"local_sum":1213.0,"local_n":8,"GiZ":2.5882354108,"GiP":0.008,"color":"#e53935","radius":24.0724364711},{"lat":37.2587962149,"lon":126.9635584142,"period_key":"morning","period_label":"오전","count":0.0,"local_sum":1128.0,"local_n":8,"GiZ":2.4199178612,"GiP":0.008,"color":"#e53935","radius":23.3061530769},{"lat":37.2596722506,"lon":126.9642873509,"period_key":"morning","period_label":"오전","count":3.0,"local_sum":1143.0,"local_n":8,"GiZ":2.4468497189,"GiP":0.008,"color":"#e53935","radius":23.4382727537},{"lat":37.2946757107,"lon":127.0416727758,"period_key":"morning","period_label":"오전","count":5.0,"local_sum":927.0,"local_n":8,"GiZ":1.9576422122,"GiP":0.008,"color":"#e53935","radius":21.3108974176},{"lat":37.2950085841,"lon":127.0400187855,"period_key":"morning","period_label":"오전","count":5.0,"local_sum":903.0,"local_n":8,"GiZ":1.9037842649,"GiP":0.008,"color":"#e53935","radius":21.0660381849},{"lat":37.2629366409,"lon":127.0359994079,"period_key":"morning","period_label":"오전","count":0.0,"local_sum":671.0,"local_n":8,"GiZ":1.3943723707,"GiP":0.008,"color":"#e53935","radius":18.5924628707},{"lat":37.2651954026,"lon":127.030082889,"period_key":"morning","period_label":"오전","count":2.0,"local_sum":3312.0,"local_n":8,"GiZ":7.3165056274,"GiP":0.002,"color":"#e53935","radius":40.0},{"lat":37.2628699444,"lon":127.032972466,"period_key":"morning","period_label":"오전","count":4.0,"local_sum":1224.0,"local_n":8,"GiZ":2.6263772801,"GiP":0.008,"color":"#e53935","radius":24.1964881958},{"lat":37.2896320517,"lon":127.0579658361,"period_key":"morning","period_label":"오전","count":1.0,"local_sum":673.0,"local_n":8,"GiZ":1.3966174873,"GiP":0.008,"color":"#e53935","radius":18.6114853966},{"lat":37.2536301833,"lon":127.0185481287,"period_key":"morning","period_label":"오전","count":4.0,"local_sum":721.0,"local_n":8,"GiZ":1.4976044276,"GiP":0.008,"color":"#e53935","radius":19.1367443498},{"lat":37.2645878579,"lon":127.0628439149,"period_key":"morning","period_label":"오전","count":4.0,"local_sum":660.0,"local_n":8,"GiZ":1.3607154733,"GiP":0.008,"color":"#e53935","radius":18.4533308202},{"lat":37.2358765877,"lon":127.027132855,"period_key":"morning","period_label":"오전","count":4.0,"local_sum":734.0,"local_n":8,"GiZ":1.5267774834,"GiP":0.008,"color":"#e53935","radius":19.2798177207},{"lat":37.2643323457,"lon":127.0305861386,"period_key":"morning","period_label":"오전","count":0.0,"local_sum":1802.0,"local_n":8,"GiZ":3.9324291534,"GiP":0.002,"color":"#e53935","radius":29.2718748669},{"lat":37.2422017293,"lon":127.033224932,"period_key":"morning","period_label":"오전","count":0.0,"local_sum":1231.0,"local_n":8,"GiZ":2.6510583109,"GiP":0.008,"color":"#e53935","radius":24.2759371317},{"lat":37.2632771752,"lon":127.0331169439,"period_key":"morning","period_label":"오전","count":4.0,"local_sum":1213.0,"local_n":8,"GiZ":2.6016923867,"GiP":0.008,"color":"#e53935","radius":24.0939676326},{"lat":37.2630305559,"lon":127.0359126472,"period_key":"morning","period_label":"오전","count":0.0,"local_sum":671.0,"local_n":8,"GiZ":1.3943723707,"GiP":0.008,"color":"#e53935","radius":18.5924628707},{"lat":37.2718284079,"lon":126.955566233,"period_key":"morning","period_label":"오전","count":0.0,"local_sum":951.0,"local_n":8,"GiZ":2.0227153408,"GiP":0.008,"color":"#e53935","radius":21.5716597013},{"lat":37.2637457865,"lon":127.0305116088,"period_key":"morning","period_label":"오전","count":1.0,"local_sum":1797.0,"local_n":8,"GiZ":3.9189653839,"GiP":0.002,"color":"#e53935","radius":29.2267593296},{"lat":37.2669957522,"lon":127.03052115,"period_key":"morning","period_label":"오전","count":0.0,"local_sum":2918.0,"local_n":8,"GiZ":6.4368247056,"GiP":0.002,"color":"#e53935","radius":37.9063256667},{"lat":37.2360915603,"lon":126.9856228118,"period_key":"morning","period_label":"오전","count":0.0,"local_sum":831.0,"local_n":8,"GiZ":1.7534254965,"GiP":0.008,"color":"#e53935","radius":20.3363090387},{"lat":37.2579784334,"lon":126.9647661122,"period_key":"morning","period_label":"오전","count":0.0,"local_sum":960.0,"local_n":8,"GiZ":2.0429120791,"GiP":0.008,"color":"#e53935","radius":21.6622060344},{"lat":37.2601331198,"lon":127.0273009537,"period_key":"morning","period_label":"오전","count":0.0,"local_sum":983.0,"local_n":8,"GiZ":2.0945259659,"GiP":0.008,"color":"#e53935","radius":21.8923738708},{"lat":37.2673423271,"lon":127.0303878049,"period_key":"morning","period_label":"오전","count":3.0,"local_sum":1687.0,"local_n":8,"GiZ":3.6676299729,"GiP":0.004,"color":"#e53935","radius":28.297450179},{"lat":37.2672315631,"lon":127.0308368061,"period_key":"morning","period_label":"오전","count":0.0,"local_sum":1683.0,"local_n":8,"GiZ":3.6653833912,"GiP":0.004,"color":"#e53935","radius":28.2743666233},{"lat":37.2674060965,"lon":127.0301304431,"period_key":"morning","period_label":"오전","count":1.0,"local_sum":1689.0,"local_n":8,"GiZ":3.676604554,"GiP":0.004,"color":"#e53935","radius":28.3215453568},{"lat":37.27250562,"lon":126.9565092013,"period_key":"morning","period_label":"오전","count":0.0,"local_sum":891.0,"local_n":8,"GiZ":1.8880704186,"GiP":0.008,"color":"#e53935","radius":20.9607619151},{"lat":37.2915317378,"lon":127.049574442,"period_key":"morning","period_label":"오전","count":0.0,"local_sum":1047.0,"local_n":8,"GiZ":2.2381472162,"GiP":0.008,"color":"#e53935","radius":22.5239872959},{"lat":37.2731346241,"lon":126.9562309123,"period_key":"morning","period_label":"오전","count":1.0,"local_sum":1126.0,"local_n":8,"GiZ":2.4131865239,"GiP":0.008,"color":"#e53935","radius":23.2834678267},{"lat":37.294225196,"lon":127.0416612492,"period_key":"morning","period_label":"오전","count":0.0,"local_sum":927.0,"local_n":8,"GiZ":1.9688573719,"GiP":0.008,"color":"#e53935","radius":21.3288416732},{"lat":37.2952055377,"lon":127.0403228382,"period_key":"morning","period_label":"오전","count":0.0,"local_sum":904.0,"local_n":8,"GiZ":1.9172434851,"GiP":0.008,"color":"#e53935","radius":21.0942266788},{"lat":37.2598208437,"lon":127.0603418679,"period_key":"morning","period_label":"오전","count":0.0,"local_sum":3459.0,"local_n":8,"GiZ":7.6508730871,"GiP":0.002,"color":"#e53935","radius":40.0},{"lat":37.2649777536,"lon":127.0299140348,"period_key":"morning","period_label":"오전","count":1.0,"local_sum":3314.0,"local_n":8,"GiZ":7.3232374116,"GiP":0.002,"color":"#e53935","radius":40.0},{"lat":37.2648566632,"lon":127.0302310035,"period_key":"morning","period_label":"오전","count":4.0,"local_sum":3110.0,"local_n":8,"GiZ":6.8587144569,"GiP":0.002,"color":"#e53935","radius":39.2808927209},{"lat":37.2415438644,"lon":127.0335852906,"period_key":"morning","period_label":"오전","count":4.0,"local_sum":1805.0,"local_n":8,"GiZ":3.9301884677,"GiP":0.002,"color":"#e53935","radius":29.2824181773},{"lat":37.2614476271,"lon":127.0277906848,"period_key":"morning","period_label":"오전","count":2.0,"local_sum":967.0,"local_n":8,"GiZ":2.0541344404,"GiP":0.008,"color":"#e53935","radius":21.725264549},{"lat":37.2622142175,"lon":127.0355943522,"period_key":"morning","period_label":"오전","count":1.0,"local_sum":866.0,"local_n":8,"GiZ":1.8297252667,"GiP":0.008,"color":"#e53935","radius":20.6987116024},{"lat":37.2625852806,"lon":127.0358470502,"period_key":"morning","period_label":"오전","count":1.0,"local_sum":668.0,"local_n":8,"GiZ":1.3853970785,"GiP":0.008,"color":"#e53935","radius":18.5549137123},{"lat":37.2626194341,"lon":127.0352334568,"period_key":"morning","period_label":"오전","count":0.0,"local_sum":800.0,"local_n":8,"GiZ":1.6838589533,"GiP":0.008,"color":"#e53935","radius":20.0078828243},{"lat":37.2636892784,"lon":127.0329139754,"period_key":"morning","period_label":"오전","count":0.0,"local_sum":1460.0,"local_n":8,"GiZ":3.1649530971,"GiP":0.004,"color":"#e53935","radius":26.347903495},{"lat":37.2638250506,"lon":127.0329672456,"period_key":"morning","period_label":"오전","count":0.0,"local_sum":1481.0,"local_n":8,"GiZ":3.2120788199,"GiP":0.004,"color":"#e53935","radius":26.5328312357},{"lat":37.235434891,"lon":126.9843085954,"period_key":"morning","period_label":"오전","count":2.0,"local_sum":821.0,"local_n":8,"GiZ":1.7264985371,"GiP":0.008,"color":"#e53935","radius":20.2236366848},{"lat":37.2371238846,"lon":126.9855857642,"period_key":"morning","period_label":"오전","count":0.0,"local_sum":831.0,"local_n":8,"GiZ":1.7534254965,"GiP":0.008,"color":"#e53935","radius":20.3363090387},{"lat":37.2380792529,"lon":127.0312833792,"period_key":"morning","period_label":"오전","count":0.0,"local_sum":624.0,"local_n":8,"GiZ":1.288900515,"GiP":0.008,"color":"#e53935","radius":18.0542376214},{"lat":37.2354203525,"lon":127.0264930449,"period_key":"morning","period_label":"오전","count":2.0,"local_sum":730.0,"local_n":8,"GiZ":1.5222871179,"GiP":0.008,"color":"#e53935","radius":19.2430642575},{"lat":37.2374450249,"lon":127.0332015447,"period_key":"morning","period_label":"오전","count":0.0,"local_sum":634.0,"local_n":8,"GiZ":1.3113413354,"GiP":0.008,"color":"#e53935","radius":18.1698887862},{"lat":37.2912580797,"lon":127.0487374614,"period_key":"morning","period_label":"오전","count":0.0,"local_sum":1014.0,"local_n":8,"GiZ":2.1640925091,"GiP":0.008,"color":"#e53935","radius":22.199894677},{"lat":37.2899004909,"lon":127.0514917769,"period_key":"morning","period_label":"오전","count":0.0,"local_sum":1024.0,"local_n":8,"GiZ":2.1865333294,"GiP":0.008,"color":"#e53935","radius":22.2984533271},{"lat":37.2902014178,"lon":127.054357478,"period_key":"morning","period_label":"오전","count":1.0,"local_sum":663.0,"local_n":8,"GiZ":1.3741766697,"GiP":0.008,"color":"#e53935","radius":18.4981972233},{"lat":37.2892784332,"lon":127.0493314028,"period_key":"morning","period_label":"오전","count":0.0,"local_sum":1061.0,"local_n":8,"GiZ":2.2695643647,"GiP":0.008,"color":"#e53935","radius":22.6605009635},{"lat":37.2891608444,"lon":127.0578929614,"period_key":"morning","period_label":"오전","count":1.0,"local_sum":673.0,"local_n":8,"GiZ":1.3966174873,"GiP":0.008,"color":"#e53935","radius":18.6114853966},{"lat":37.2672517143,"lon":127.0313024331,"period_key":"morning","period_label":"오전","count":2.0,"local_sum":1250.0,"local_n":8,"GiZ":2.6892095133,"GiP":0.004,"color":"#e53935","radius":24.444870845},{"lat":37.2401135091,"lon":126.9875624071,"period_key":"morning","period_label":"오전","count":0.0,"local_sum":932.0,"local_n":8,"GiZ":1.9800777821,"GiP":0.008,"color":"#e53935","radius":21.3795944693},{"lat":37.2423189783,"lon":127.032819251,"period_key":"morning","period_label":"오전","count":0.0,"local_sum":1232.0,"local_n":8,"GiZ":2.6533023929,"GiP":0.008,"color":"#e53935","radius":24.2852268485},{"lat":37.241720303,"lon":127.0341669142,"period_key":"morning","period_label":"오전","count":1.0,"local_sum":1797.0,"local_n":8,"GiZ":3.9189653839,"GiP":0.002,"color":"#e53935","radius":29.2267593296},{"lat":37.2417401263,"lon":127.0341657962,"period_key":"morning","period_label":"오전","count":1.0,"local_sum":1797.0,"local_n":8,"GiZ":3.9189653839,"GiP":0.002,"color":"#e53935","radius":29.2267593296},{"lat":37.2353284491,"lon":127.0264783626,"period_key":"morning","period_label":"오전","count":0.0,"local_sum":730.0,"local_n":8,"GiZ":1.5267732108,"GiP":0.008,"color":"#e53935","radius":19.2502420062},{"lat":37.2356907508,"lon":126.9840290623,"period_key":"morning","period_label":"오전","count":0.0,"local_sum":821.0,"local_n":8,"GiZ":1.7309846761,"GiP":0.008,"color":"#e53935","radius":20.2308145073},{"lat":37.2378542203,"lon":127.0307531603,"period_key":"morning","period_label":"오전","count":0.0,"local_sum":623.0,"local_n":8,"GiZ":1.286656433,"GiP":0.008,"color":"#e53935","radius":18.0426374722},{"lat":37.2384842078,"lon":127.0304972542,"period_key":"morning","period_label":"오전","count":1.0,"local_sum":799.0,"local_n":8,"GiZ":1.6793717889,"GiP":0.008,"color":"#e53935","radius":19.9936300823},{"lat":37.2365846693,"lon":126.9846374263,"period_key":"morning","period_label":"오전","count":0.0,"local_sum":821.0,"local_n":8,"GiZ":1.7309846761,"GiP":0.008,"color":"#e53935","radius":20.2308145073},{"lat":37.237556655,"lon":127.030559089,"period_key":"morning","period_label":"오전","count":0.0,"local_sum":634.0,"local_n":8,"GiZ":1.3113413354,"GiP":0.008,"color":"#e53935","radius":18.1698887862},{"lat":37.237431647,"lon":126.984592176,"period_key":"morning","period_label":"오전","count":0.0,"local_sum":825.0,"local_n":8,"GiZ":1.7399610042,"GiP":0.008,"color":"#e53935","radius":20.2730628999},{"lat":37.2959567918,"lon":127.0404132403,"period_key":"morning","period_label":"오전","count":1.0,"local_sum":879.0,"local_n":8,"GiZ":1.8588983296,"GiP":0.008,"color":"#e53935","radius":20.8334109916},{"lat":37.2461226968,"lon":127.0538636948,"period_key":"morning","period_label":"오전","count":0.0,"local_sum":667.0,"local_n":8,"GiZ":1.3853960426,"GiP":0.008,"color":"#e53935","radius":18.5471709242},{"lat":37.2957119074,"lon":127.0416620691,"period_key":"morning","period_label":"오전","count":1.0,"local_sum":928.0,"local_n":8,"GiZ":1.9688583357,"GiP":0.008,"color":"#e53935","radius":21.3354103066},{"lat":37.2952978024,"lon":127.0411131541,"period_key":"morning","period_label":"오전","count":1.0,"local_sum":927.0,"local_n":8,"GiZ":1.966614254,"GiP":0.008,"color":"#e53935","radius":21.3252526845},{"lat":37.2646841398,"lon":127.0297719831,"period_key":"morning","period_label":"오전","count":2.0,"local_sum":3113.0,"local_n":8,"GiZ":6.869933403,"GiP":0.002,"color":"#e53935","radius":39.3095994201},{"lat":37.264831619,"lon":127.0298570448,"period_key":"morning","period_label":"오전","count":1.0,"local_sum":3111.0,"local_n":8,"GiZ":6.8676888146,"GiP":0.002,"color":"#e53935","radius":39.2988377311},{"lat":37.2643856046,"lon":127.064957553,"period_key":"morning","period_label":"오전","count":1.0,"local_sum":904.0,"local_n":8,"GiZ":1.9150003735,"GiP":0.008,"color":"#e53935","radius":21.0906377004},{"lat":37.2644426116,"lon":127.0648459929,"period_key":"morning","period_label":"오전","count":0.0,"local_sum":904.0,"local_n":8,"GiZ":1.9172434851,"GiP":0.008,"color":"#e53935","radius":21.0942266788},{"lat":37.2649791959,"lon":127.0299114424,"period_key":"morning","period_label":"오전","count":0.0,"local_sum":3314.0,"local_n":8,"GiZ":7.3254811919,"GiP":0.002,"color":"#e53935","radius":40.0},{"lat":37.2649806142,"lon":127.0296461723,"period_key":"morning","period_label":"오전","count":1.0,"local_sum":3310.0,"local_n":8,"GiZ":7.3142610845,"GiP":0.002,"color":"#e53935","radius":40.0},{"lat":37.2649686581,"lon":127.0298941895,"period_key":"morning","period_label":"오전","count":0.0,"local_sum":3314.0,"local_n":8,"GiZ":7.3254811919,"GiP":0.002,"color":"#e53935","radius":40.0},{"lat":37.2649340547,"lon":127.0302620372,"period_key":"morning","period_label":"오전","count":0.0,"local_sum":3111.0,"local_n":8,"GiZ":6.8699325386,"GiP":0.002,"color":"#e53935","radius":39.3024276896},{"lat":37.2651230228,"lon":127.0641209982,"period_key":"morning","period_label":"오전","count":0.0,"local_sum":648.0,"local_n":8,"GiZ":1.3427584839,"GiP":0.008,"color":"#e53935","radius":18.3307512233},{"lat":37.2635924433,"lon":127.0640831744,"period_key":"morning","period_label":"오전","count":1.0,"local_sum":1030.0,"local_n":8,"GiZ":2.1977546751,"GiP":0.008,"color":"#e53935","radius":22.3538527089},{"lat":37.2733012265,"lon":126.9564753698,"period_key":"morning","period_label":"오전","count":0.0,"local_sum":1127.0,"local_n":8,"GiZ":2.4176737791,"GiP":0.008,"color":"#e53935","radius":23.2966063119},{"lat":37.2733155491,"lon":126.9564645376,"period_key":"morning","period_label":"오전","count":0.0,"local_sum":1127.0,"local_n":8,"GiZ":2.4176737791,"GiP":0.008,"color":"#e53935","radius":23.2966063119},{"lat":37.2642756744,"lon":127.0643027997,"period_key":"morning","period_label":"오전","count":1.0,"local_sum":649.0,"local_n":8,"GiZ":1.3427595251,"GiP":0.008,"color":"#e53935","radius":18.3386066025},{"lat":37.2643518311,"lon":127.0647646322,"period_key":"morning","period_label":"오전","count":0.0,"local_sum":904.0,"local_n":8,"GiZ":1.9172434851,"GiP":0.008,"color":"#e53935","radius":21.0942266788},{"lat":37.2643718567,"lon":127.0311038398,"period_key":"morning","period_label":"오전","count":0.0,"local_sum":1806.0,"local_n":8,"GiZ":3.9414054816,"GiP":0.002,"color":"#e53935","radius":29.3050722592},{"lat":37.2639557067,"lon":127.0302486811,"period_key":"morning","period_label":"오전","count":0.0,"local_sum":1883.0,"local_n":8,"GiZ":4.1141997984,"GiP":0.002,"color":"#e53935","radius":29.9401388404},{"lat":37.2734320516,"lon":126.9562147296,"period_key":"morning","period_label":"오전","count":0.0,"local_sum":1128.0,"local_n":8,"GiZ":2.4199178612,"GiP":0.008,"color":"#e53935","radius":23.3061530769},{"lat":37.2665117827,"lon":127.0309451935,"period_key":"morning","period_label":"오전","count":1.0,"local_sum":1244.0,"local_n":8,"GiZ":2.6779881714,"GiP":0.004,"color":"#e53935","radius":24.3929347451},{"lat":37.2668008142,"lon":127.0310316706,"period_key":"morning","period_label":"오전","count":0.0,"local_sum":1244.0,"local_n":8,"GiZ":2.6802313773,"GiP":0.004,"color":"#e53935","radius":24.3965238746},{"lat":37.2666857673,"lon":127.0302734484,"period_key":"morning","period_label":"오전","count":0.0,"local_sum":2918.0,"local_n":8,"GiZ":6.4368247056,"GiP":0.002,"color":"#e53935","radius":37.9063256667},{"lat":37.2667289193,"lon":127.0303044691,"period_key":"morning","period_label":"오전","count":0.0,"local_sum":2918.0,"local_n":8,"GiZ":6.4368247056,"GiP":0.002,"color":"#e53935","radius":37.9063256667},{"lat":37.26630024,"lon":127.0305135413,"period_key":"morning","period_label":"오전","count":1.0,"local_sum":1248.0,"local_n":8,"GiZ":2.6869644985,"GiP":0.004,"color":"#e53935","radius":24.4299605837},{"lat":37.2664223257,"lon":127.0312257652,"period_key":"morning","period_label":"오전","count":0.0,"local_sum":1244.0,"local_n":8,"GiZ":2.6802313773,"GiP":0.004,"color":"#e53935","radius":24.3965238746},{"lat":37.2664398047,"lon":127.0312303948,"period_key":"morning","period_label":"오전","count":0.0,"local_sum":1244.0,"local_n":8,"GiZ":2.6802313773,"GiP":0.004,"color":"#e53935","radius":24.3965238746},{"lat":37.2671129195,"lon":127.0300439672,"period_key":"morning","period_label":"오전","count":0.0,"local_sum":1679.0,"local_n":8,"GiZ":3.656407063,"GiP":0.004,"color":"#e53935","radius":28.2404922997},{"lat":37.2674065471,"lon":127.0301299924,"period_key":"morning","period_label":"오전","count":0.0,"local_sum":1689.0,"local_n":8,"GiZ":3.6788478834,"GiP":0.004,"color":"#e53935","radius":28.3251346838},{"lat":37.2668257372,"lon":127.0311682089,"period_key":"morning","period_label":"오전","count":0.0,"local_sum":1244.0,"local_n":8,"GiZ":2.6802313773,"GiP":0.004,"color":"#e53935","radius":24.3965238746},{"lat":37.2662190904,"lon":127.0161734359,"period_key":"morning","period_label":"오전","count":0.0,"local_sum":712.0,"local_n":8,"GiZ":1.4863797342,"GiP":0.008,"color":"#e53935","radius":19.051538826},{"lat":37.2655112662,"lon":127.0189771919,"period_key":"morning","period_label":"오전","count":0.0,"local_sum":914.0,"local_n":8,"GiZ":1.9396843055,"GiP":0.008,"color":"#e53935","radius":21.196468055},{"lat":37.2655385633,"lon":127.0643238281,"period_key":"morning","period_label":"오전","count":0.0,"local_sum":650.0,"local_n":8,"GiZ":1.3472466479,"GiP":0.008,"color":"#e53935","radius":18.3536336639},{"lat":37.266067724,"lon":127.016110157,"period_key":"morning","period_label":"오전","count":0.0,"local_sum":712.0,"local_n":8,"GiZ":1.4863797342,"GiP":0.008,"color":"#e53935","radius":19.051538826},{"lat":37.2660648756,"lon":127.0165106048,"period_key":"morning","period_label":"오전","count":0.0,"local_sum":709.0,"local_n":8,"GiZ":1.4796474881,"GiP":0.008,"color":"#e53935","radius":19.0182575455},{"lat":37.2584191063,"lon":126.9643740663,"period_key":"morning","period_label":"오전","count":0.0,"local_sum":960.0,"local_n":8,"GiZ":2.0429120791,"GiP":0.008,"color":"#e53935","radius":21.6622060344},{"lat":37.2578803148,"lon":126.9644814103,"period_key":"morning","period_label":"오전","count":0.0,"local_sum":959.0,"local_n":8,"GiZ":2.0406679971,"GiP":0.008,"color":"#e53935","radius":21.6521588491},{"lat":37.2625973859,"lon":127.0357435664,"period_key":"morning","period_label":"오전","count":0.0,"local_sum":668.0,"local_n":8,"GiZ":1.3876401246,"GiP":0.008,"color":"#e53935","radius":18.558502586},{"lat":37.2627683218,"lon":127.0354164934,"period_key":"morning","period_label":"오전","count":0.0,"local_sum":801.0,"local_n":8,"GiZ":1.6861030354,"GiP":0.008,"color":"#e53935","radius":20.0185422151},{"lat":37.2599701142,"lon":127.0609326909,"period_key":"morning","period_label":"오전","count":0.0,"local_sum":3091.0,"local_n":8,"GiZ":6.8250508979,"GiP":0.002,"color":"#e53935","radius":39.1587864349},{"lat":37.259798286,"lon":126.9642194282,"period_key":"morning","period_label":"오전","count":1.0,"local_sum":1143.0,"local_n":8,"GiZ":2.4513359138,"GiP":0.008,"color":"#e53935","radius":23.4454506656},{"lat":37.2597464362,"lon":127.0601279608,"period_key":"morning","period_label":"오전","count":1.0,"local_sum":3461.0,"local_n":8,"GiZ":7.6531174301,"GiP":0.002,"color":"#e53935","radius":40.0},{"lat":37.2611876066,"lon":127.0295663371,"period_key":"morning","period_label":"오전","count":0.0,"local_sum":633.0,"local_n":8,"GiZ":1.3090972533,"GiP":0.008,"color":"#e53935","radius":18.1583521057},{"lat":37.2612778606,"lon":127.0254300204,"period_key":"morning","period_label":"오전","count":0.0,"local_sum":1129.0,"local_n":8,"GiZ":2.4221619432,"GiP":0.008,"color":"#e53935","radius":23.3156972022}]